1:"$Sreact.fragment"
2:I[63780,["/_next/static/chunks/4ea07783b19bddae.js","/_next/static/chunks/f40389df158a1ae3.js","/_next/static/chunks/6540011889c6dc54.js"],"default"]
1e:I[8870,["/_next/static/chunks/4ea07783b19bddae.js","/_next/static/chunks/f40389df158a1ae3.js","/_next/static/chunks/6540011889c6dc54.js"],"default"]
24:I[4258,["/_next/static/chunks/4ea07783b19bddae.js","/_next/static/chunks/f40389df158a1ae3.js","/_next/static/chunks/6540011889c6dc54.js"],"default"]
2d:I[97367,["/_next/static/chunks/ff1a16fafef87110.js","/_next/static/chunks/247eb132b7f7b574.js"],"OutletBoundary"]
2e:"$Sreact.suspense"
30:I[22016,["/_next/static/chunks/4ea07783b19bddae.js","/_next/static/chunks/f40389df158a1ae3.js","/_next/static/chunks/6540011889c6dc54.js"],""]
31:I[85437,["/_next/static/chunks/4ea07783b19bddae.js","/_next/static/chunks/f40389df158a1ae3.js","/_next/static/chunks/6540011889c6dc54.js"],"Image"]
3:T6490,m 249.78196,322.78971 c -1.04181,0.18796 -2.17634,0.28101 -3.31289,0.375 -0.85241,0.094 -3.97736,0.28223 -4.35621,1.41019 -0.18942,0.47 -0.94683,4.97868 -0.94683,5.63668 0,0.28197 0.4744,0.28077 0.4744,0.46875 0,0.188 -0.37945,-0.18798 -0.56889,0 -0.1894,0.188 -0.2837,0.65749 -0.18897,0.93944 0.0636,0.37859 0.52838,0.64464 0.75786,0.93946 -0.63634,-0.22976 -0.90587,-0.13282 -1.48425,0.97069 -0.038,0.0723 -0.0416,0.12732 -0.063,0.18944 -0.0818,0.0252 -0.1822,0.0277 -0.25196,0.0625 -0.663,0.37597 -1.13625,0.94067 -1.79921,1.2227 -1.70477,0.93994 -8.04674,1.12689 -8.99382,2.63088 -1.05582,1.7962 -0.69492,2.57069 0.0315,2.91019 l 0.53542,0.0938 c -0.61917,0.11831 -1.05421,0.19795 -1.38781,0.46875 -0.69431,0.56363 -2.2105,1.19069 -3.22037,0.56445 -1.00986,-0.62627 -1.83055,-0.93933 -2.84051,-1.002 -1.00986,-0.0626 -3.28034,-1.12819 -3.78537,-0.50196 -0.50494,0.62631 -0.44302,8.9e-4 -0.3799,-0.43749 0.0631,-0.4384 -0.88345,-0.81498 -1.07275,-1.5039 -0.18932,-0.68884 0.94747,-0.68763 0.63187,-1.56449 -0.31558,-0.87677 -1.70588,-0.43824 -2.08463,-0.0625 -0.37871,0.37577 -1.19923,-0.0638 -1.95663,-0.37695 -0.75743,-0.31314 -1.64087,-0.68945 -2.01962,-0.68945 -0.37873,0 0.0639,0.56394 0.56888,0.81445 0.50496,0.25049 0.5047,0.94074 0.12598,1.2539 -0.37873,0.31313 0.18897,0.18776 0.18897,1.00199 0,0.81417 0.44188,0.75017 0.94682,1.62699 0.50496,0.87681 0.25277,1.0655 0.82085,1.5039 0.56807,0.4384 -0.12585,0.0617 -0.18897,1.37699 -0.0631,1.31519 0.56769,0.5011 0.18897,1.87889 -0.37872,1.3778 -0.56687,2.63019 0.37991,2.94339 0.9468,0.31313 1.00885,0.68956 -0.4429,0.62695 -1.4517,-0.0626 -3.03019,0.50203 -2.65154,-0.5 0.37872,-1.0021 -0.0616,-1.1277 -0.75589,-0.75195 -0.69431,0.37577 -0.82085,0.43749 -0.82085,0.43749 0,0 -0.63122,-0.31329 -0.94682,0.0625 -0.3156,0.37576 -0.94733,0.50128 -0.69486,-0.125 0.25248,-0.62631 -0.12555,-1.001 -1.32471,-0.5 -1.19934,0.50103 -2.58855,1.43939 -2.58855,1.43939 l -1.13584,-1.06439 0.063,-0.87696 -1.00976,-0.93944 0.31495,-0.4375 c 0,0 -1.19954,0.43683 -0.82084,-0.18946 0.37872,-0.62627 0.63186,-1.06449 0.63186,-1.06439 0,0 -0.37952,-0.18816 -0.56887,0.125 -0.18937,0.31309 -0.44093,0.37694 -0.44093,0.37694 0,0 0.37922,-0.75235 -0.25197,-0.56444 -0.63121,0.18781 -0.94683,0.43944 -0.94683,0.43944 0,0 0.18792,-0.81482 -0.25392,-0.62694 -0.44184,0.18784 -0.94541,0.87596 -1.63977,0.375 -0.69431,-0.50102 -0.75786,-0.25001 -0.75786,-0.25 l -0.75785,0.25 c 0,0 -0.0639,0.7518 0.37794,0.81444 0.44184,0.0626 -0.56729,-0.0617 -0.37794,0.50195 0.18938,0.56365 -0.50541,-0.25145 -1.70467,-0.50195 -1.19923,-0.25051 -0.44094,0.93945 -0.44094,0.93945 0,0 -0.44185,0.0628 -0.94681,-1.0644 -0.50494,-1.12729 -0.50553,-0.12527 -1.64168,0 -1.13605,0.12524 -1.38891,0.81377 -1.76766,0.1875 -0.37872,-0.62628 -2.27159,0.4392 -3.21846,0.56444 -0.94678,0.12528 -0.88423,1.50269 -0.69487,2.06639 0.18937,0.56364 1.07296,0.69008 1.95663,0.37695 0.88369,-0.31314 2.33659,-0.43945 2.33659,-0.43945 0,0 -1.83135,0.37618 -1.5157,0.75195 0.2367,0.28182 0.90566,0.20908 1.29327,0.15625 -0.0759,0.0386 -0.0537,0.11684 0.22244,0.28124 0.63119,0.37577 -0.31693,0.62786 -1.26373,0.18945 -0.94681,-0.43837 -0.75655,-0.87797 -1.38781,-0.37696 -0.63119,0.50105 0.50444,0.18805 0.25196,0.87695 -0.25247,0.68892 0.12693,0.50066 0.63188,0.18751 0.50496,-0.31313 0.69368,0.37668 1.26183,0.50196 0.56806,0.12524 1.01077,1.37769 -0.44094,1.00199 -1.4517,-0.37578 -2.968,-0.37604 -3.15738,0.125 -0.18936,0.50102 2.52526,0.56422 2.65155,1.6289 0.12623,1.06469 0.75704,0.81328 0.18897,1.37699 -0.5681,0.56366 0.56915,0.81458 1.38972,0.75194 0.82054,-0.0626 0.18985,-1.253 0.75785,-0.75194 0.56809,0.50104 1.13554,0.56341 1.26182,0.125 0.12621,-0.43841 0.18901,0.37555 1.13584,1.06439 0.94681,0.68891 1.32532,0.5013 2.01962,0.81445 0.69431,0.31315 0.63083,0.93932 1.13585,1.002 0.47996,0.0595 0.52082,-0.26885 1.00986,-0.625 -0.18148,0.19571 -0.37832,0.53251 -0.18897,0.87694 0.37871,0.68892 1.32672,0.24921 1.32672,-0.31444 0,-0.56365 1.07255,-0.18682 0.25197,0.43943 -0.82055,0.62629 -0.31667,0.12483 -0.4429,1.1895 -0.12624,1.06469 0.4429,1.44099 0.4429,0.68945 0,-0.75153 0.3786,-9.8e-4 1.00986,-0.37695 0.63121,-0.3757 0.56811,-0.5007 0.94683,-0.125 0.37872,0.37577 0.88304,-0.18821 1.26182,0.18749 0.37872,0.37577 -4e-5,1.00269 -0.94682,0.62696 -0.94681,-0.37576 -0.37858,-0.12447 -0.063,0.56445 0.3156,0.6889 1.32502,-0.37577 2.1456,0 0.82056,0.37577 1.13665,0.43843 0.69487,0.93945 -0.44184,0.50103 1.07306,0.43698 0,0.68749 -1.07305,0.25051 -0.56875,2.8e-4 -0.63188,0.81446 -0.0631,0.81417 0.25239,0.68881 1.00987,1.002 0.75742,0.31313 0.82151,0.50087 1.4527,0.0625 0.6312,-0.43841 1.45251,-0.87705 2.52547,0.125 1.07305,1.002 1.07194,1.3789 1.51378,1.3789 0.44184,0 -0.4424,0.50022 -1.64168,-0.56447 -1.19924,-1.06469 -1.83015,-1.06409 -2.08261,-0.24999 -0.25246,0.81419 0.12765,0.93958 -0.6929,0.87696 -0.82056,-0.0626 0.37856,0.12592 1.00986,0.62694 0.63115,0.50104 1.19843,0.75041 0.37795,1.502 -0.82056,0.75153 -1.26203,1.18969 -1.13585,2.00389 0.12625,0.81418 1.5154,1.62969 1.64168,3.13278 0.12624,1.5031 0.18898,1.3769 0.18898,1.377 0,0 2.77772,1.18999 2.65154,1.87889 -0.12625,0.68892 0.75706,0.2507 1.13584,0.87695 0.37872,0.6263 0.31563,1.00139 0.94682,0.3125 0.6312,-0.6889 0.75665,0.31343 0.37794,0.81446 -0.37872,0.50103 -0.50525,0.2508 -0.82084,0.81445 -0.31559,0.56365 0.25355,0.0615 0.4429,0.56248 0.18936,0.50106 0.56719,1.4406 0.44093,1.8164 -0.12623,0.37576 -0.75624,-0.24974 -0.56691,0.56444 0.18938,0.81416 -0.50589,1.0029 -0.50589,1.5039 v 0.56249 c 0,0 -0.63122,-0.6893 -0.94682,0.1875 -0.3156,0.87678 -0.31638,0.43855 0.37794,0.87695 0.69432,0.43842 1.51631,1.81639 2.21061,2.75589 0.0105,0.0141 0.0218,0.0177 0.0315,0.0312 0.0529,0.0938 0.11007,0.18718 0.15748,0.28125 0.5053,2.63638 -0.006,4.17828 1.48224,5.82617 l -0.15747,0.87499 c -0.0499,-0.12818 -0.12179,-0.24579 -0.25197,-0.37499 -0.69426,-0.68886 -0.69472,-0.62646 -0.75784,-1.8164 -0.0631,-1.18989 -0.25119,-1.87799 -0.62991,-3.25588 -0.37872,-1.37779 -0.82217,-0.56317 -1.13776,-1.18939 -0.31558,-0.62623 0.25325,-1.5046 -0.37794,-1.1914 -0.63119,0.31314 -0.63149,0.37672 -0.82084,1.44139 -0.18937,1.0647 -0.94616,3.38099 -1.26182,5.19728 -0.3156,1.81619 -1.51459,4.07208 -1.07275,4.13478 0.44185,0.0626 0.56799,-1.56559 1.00986,-1.00199 0.44183,0.56364 1.00916,1.43929 0.37794,1.50199 -0.63119,0.0626 -0.94643,-0.25088 -1.13584,0.1875 -0.18934,0.43841 -0.50391,0.93949 -0.50391,0.93945 0,0 -2.46247,7.89107 -3.47234,10.52096 -1.00996,2.63038 -1.07255,1.00239 -1.19873,1.75389 -0.004,0.0221 0.004,0.0418 0,0.0625 -0.28799,0.0384 -0.58449,0.0558 -0.88384,0.0625 -0.37886,0.18799 -0.75847,0.28296 -1.32673,0.37695 0.56827,0.56394 1.61024,1.50199 1.61024,1.50199 0.18944,0.094 0.0942,-0.375 0.18897,-0.375 0.47356,0.094 1.04262,0.28225 1.32673,0.65821 0.85239,0.93993 -1.89465,2.06489 -0.66337,2.62889 0.56827,0.18798 1.13534,-0.84421 1.32472,-0.65624 0.0947,0.188 -0.18943,0.65772 0,0.84569 1.32592,1.2219 3.40833,0.74951 4.63962,1.6895 0.0947,0.094 1.0411,2.28709 1.13584,2.28709 1.23128,0.93991 2.46136,-0.75291 3.78728,0.37499 0.66299,0.56395 0.18993,1.7852 1.42127,1.7852 0.56826,0.094 0.94547,-0.46899 1.51378,-0.375 0.56826,0.094 0.85293,0.74975 1.42126,0.84374 0.28414,0 0.28278,-0.56249 0.56692,-0.56249 0.9471,-0.094 1.7986,0.65795 2.84051,0.75195 0,0 -0.44169,-2.16059 0.69486,-1.97269 1.61014,0.282 2.5565,1.4077 3.59831,2.34769 0.0947,0.094 0.37751,0 0.56692,0 0.47356,0.094 1.04261,0.093 1.32672,0.375 0.47355,0.37598 0.18782,1.22189 0.6614,1.50389 v 0.0937 c 0.18942,-0.46994 0.47415,-0.84569 0.56887,-0.84569 2.46247,-0.18798 2.65185,1.03389 1.70467,2.25589 0.66297,0.28196 1.42006,0.46776 1.89364,0.84373 0.18945,0.18799 0.28407,1.2229 0.85235,1.1289 0.75769,-0.094 1.41915,-0.56446 2.27158,-0.56446 0.94716,0 2.55671,1.87959 3.50388,1.59769 0.37888,-0.094 -6.8e-4,-0.84522 0.28346,-1.03319 1.42066,-0.93995 3.12422,-0.0946 4.63962,0.28125 h 0.37793 c -0.56825,-0.46998 -1.13534,-0.93995 -1.32471,-1.5039 -0.66298,-1.87979 0.5684,-1.40779 0.0945,-3.09958 -0.0947,-0.28198 -0.75786,-0.18677 -0.75786,-0.46875 0.0947,-1.0339 1.32633,-1.59719 1.5157,-2.53709 0,-0.28199 -0.47486,-0.65774 -0.28542,-0.84571 1.13655,-1.59789 3.0311,-1.22139 3.97827,-1.69139 1.04181,-0.56393 2.55449,-2.47309 3.5964,-3.03708 0.94713,-0.56394 1.89384,0.65724 2.65154,1.03319 0.28412,0.18797 3.59811,0.56348 3.69285,0.93945 0.0947,0.37598 -1.23159,2.38009 1.7992,1.15819 0.2131,-0.094 0.19763,-0.2057 0.063,-0.34375 -0.404,-0.41414 -1.81533,-1.09469 -0.82084,-2.22259 0.24687,-0.32666 -0.0836,1.6455 0.82084,2.22259 0.13654,0.0871 0.30519,0.14395 0.50392,0.15625 0.66299,0.094 1.42005,-0.18823 1.89364,-0.65819 0.28412,-0.37596 -0.75725,-1.4392 -0.18897,-1.5332 0.66297,-0.094 1.70467,0.46876 1.70467,1.2207 -0.0948,0.75194 -1.79891,0.50001 -1.89364,1.25199 -0.0947,0.56395 1.04191,0.37695 1.61013,0.37695 0.37885,0 0.7574,-0.65893 0.94683,-0.37695 0.37885,0.46995 -0.0956,1.4089 0.37794,1.87889 0.47357,0.46997 1.23068,0.3765 1.89365,0.56446 0.37884,0 0.66277,-0.094 0.94683,0 1.32592,0.65795 0.66337,1.1265 0.66337,1.31439 0.0947,0.188 0.37726,0.18946 0.6614,0.18946 0.28415,0.094 0.66292,0.0937 0.85234,-0.0937 0.18947,-0.18798 -1.13645,-0.75218 0.0945,-0.6582 1.89425,0.094 1.23018,1.40899 2.08261,1.12699 0.7577,-0.282 1.32663,-1.12649 2.17907,-1.31449 0.58012,-0.0823 1.38619,0.2578 1.89364,0.0312 0.0311,0.15337 -0.0429,0.16866 0.18897,0.0625 0.41024,-0.18787 0.28331,-0.31358 0.37794,-0.7207 0.0946,-0.40706 0.56792,-0.62696 0.063,-0.59569 -0.50494,0.0313 -0.82029,-0.0933 -0.12598,-0.31249 0.5782,-0.18255 0.56616,-0.46648 0.60039,-0.87695 0.098,-0.19536 0.12507,-0.41461 0.18897,-0.5625 0.0101,-0.0231 0.0481,-0.015 0.063,-0.0332 0.18953,-0.0541 0.48933,0.0837 0.88382,0.22071 0.6312,0.21914 0.75721,-0.28199 1.07285,-0.87696 0.31564,-0.59496 -0.0938,-0.56393 0.60038,-0.81444 0.10461,-0.0378 0.19219,-0.0461 0.28346,-0.0625 0.0101,-0.002 0.022,0.002 0.0315,0 0.1799,0.0154 0.35564,0.007 0.50588,-0.0312 0.0536,0 0.0867,-0.0237 0.12598,-0.0293 0.021,-0.0112 0.0434,-0.017 0.063,-0.0312 0.0563,-0.0218 0.0886,-0.0397 0.0945,-0.125 0.004,-0.008 -0.003,-0.0234 0,-0.0312 0.0579,-0.13285 0.0569,-0.27346 0.0315,-0.43945 -0.005,-0.0318 0.005,-0.0625 0,-0.0937 0.067,-0.17224 0.23731,-0.3433 0.66336,-0.5625 0.69846,-0.35934 0.85463,-0.48371 1.04131,-0.3457 0.005,0.003 -0.005,0.0279 0,0.0313 4.1e-4,0.0969 0.0203,0.20751 0.063,0.25 0.0947,0 0.0668,-0.0818 0.0315,-0.1875 0.0119,0.0124 0.0191,0.0175 0.0315,0.0312 0.11765,0.12971 0.28546,0.10814 0.50392,0 -0.005,-0.0387 -0.0275,-0.0924 -0.0315,-0.12501 -0.0293,-0.005 -0.0664,0.0116 -0.0945,0 -0.26772,-0.11069 -0.21871,-0.36838 0.28347,-0.68945 0.12545,-0.0803 0.2456,-0.13825 0.31691,-0.15625 0.19609,-0.0495 0.20021,0.12044 0.18897,0.34571 l 0.18898,0.0312 c 0.19619,-0.15215 0.30986,-0.23801 0.56887,-0.43946 -2.8e-4,-0.002 -0.002,-0.006 -0.002,-0.008 -0.0186,0.002 -0.0424,0.005 -0.061,0.008 -0.008,-0.0301 -0.01,-0.0614 -0.0157,-0.0918 -0.007,3.4e-4 -0.0141,-0.01 -0.0217,-0.0117 -0.0207,-0.004 -0.0413,-0.0125 -0.063,-0.0312 -0.0101,-0.009 -0.0182,-0.0206 -0.0276,-0.0312 -0.0217,-0.0242 -0.0416,-0.0512 -0.063,-0.0859 -0.0355,-0.0579 -0.0616,-0.1396 -0.0925,-0.2168 -0.0285,-0.0715 -0.0579,-0.1267 -0.0787,-0.20508 -0.0247,-0.0896 -0.0256,-0.16451 -0.0354,-0.25001 -0.008,-0.0722 -0.0295,-0.14906 -0.0236,-0.20897 0.002,-0.0231 0.0112,-0.0383 0.0158,-0.0586 0.008,-0.0338 0.0127,-0.0715 0.0276,-0.0957 0.0247,-0.0404 0.0588,-0.0677 0.1063,-0.0742 0.44094,-0.0625 0.59847,-0.31251 0.62989,-0.625 0.0104,-0.10261 0.0135,-0.17302 0.0374,-0.23046 0.005,-0.0122 0.005,-0.0324 0.0138,-0.043 0.024,-0.0301 0.0657,-0.056 0.12992,-0.0762 0.003,-0.001 0.0124,-8.7e-4 0.0157,-0.002 0.0546,-0.0161 0.116,-0.0306 0.21062,-0.043 0.26241,-0.40253 0.50281,-0.78757 0.67323,-1.15039 l 0.74602,-0.48634 c 0,0 -0.32298,0.048 -0.54722,-0.0605 -0.12048,-0.0584 -0.21966,-0.14908 -0.20865,-0.34571 0.006,-0.11153 0.0313,-0.19948 0.0472,-0.30664 -0.043,-0.0537 -0.0917,-0.10538 -0.15354,-0.1543 -0.47357,-0.28198 -1.13645,0.0935 -1.70467,0.18751 -0.43958,0 -0.92656,0.0829 -1.39173,0.0723 -0.25146,-0.20513 -0.63517,-0.48883 -1.10632,-0.74022 -0.36818,-0.18614 -0.84147,-0.25435 -1.16728,-0.33203 -0.8814,-0.69055 -1.62747,-1.5596 -1.57285,-2.31839 0,-0.188 0.47243,-0.18897 0.47243,-0.37697 -0.0209,-0.0621 -0.0939,-0.12437 -0.17519,-0.18944 -0.10316,-0.0786 -0.22131,-0.16429 -0.3307,-0.25781 -0.21904,-0.1782 -0.39502,-0.39179 -0.24999,-0.67969 0.37032,-0.36748 0.82822,-0.64643 1.11417,-1.09769 -0.0407,-0.0529 -0.0689,-0.10572 -0.0925,-0.15821 -0.0251,-0.0562 -0.0354,-0.11246 -0.0394,-0.16796 -5.6e-4,-0.007 -0.008,-0.0144 -0.008,-0.0215 -10e-4,-0.06 0.0113,-0.11899 0.0374,-0.17774 5.5e-4,-9.9e-4 -5.6e-4,-0.003 0,-0.004 0.0278,-0.0607 0.0706,-0.12063 0.12991,-0.1797 0.14383,-0.1426 0.2174,-0.18259 0.31692,-0.16991 h 0.002 c 0.10058,0.0135 0.22812,0.0802 0.48424,0.14648 0.053,0.0134 0.0913,0.0164 0.12793,0.0176 -0.002,-0.13892 -0.0199,-0.2714 -0.0295,-0.40821 -0.0674,-0.0689 -0.14283,-0.13661 -0.23227,-0.18359 -0.37859,-0.19885 -0.3344,-0.77299 -0.20077,-1.28119 0.0155,-0.0582 0.0195,-0.10653 0.0177,-0.15039 v -0.002 c -0.009,-0.0108 -0.0256,-0.0226 -0.0354,-0.0332 -0.0611,-0.0671 -0.12335,-0.13503 -0.21653,-0.20899 -0.0819,-0.011 -0.17564,-0.006 -0.27165,0.01 -0.10048,0.0166 -0.2029,0.0438 -0.29527,0.0762 -0.37859,0.13259 -0.73563,-0.11206 -1.18109,-0.50975 -0.15512,-0.13855 -0.22323,-0.26288 -0.25787,-0.39453 -0.005,-0.0203 -0.0182,-0.0397 -0.0217,-0.0605 -0.018,-0.10915 1.1e-4,-0.24988 0.0118,-0.38867 0.19479,-0.39796 0.075,-0.54714 0.002,-0.83789 -0.0682,-0.27083 -0.50509,-0.2071 -0.79328,-0.14648 -0.19738,-0.28691 -0.31321,-0.58613 -0.27362,-0.90038 0,-0.46998 0.85123,-0.47046 1.32482,-0.56445 0.0824,0 0.15717,0.05 0.22833,0.11523 l 0.002,0.002 c 0.0545,0.0503 0.10672,0.10685 0.15944,0.16407 0.0567,0.0615 0.11353,0.11871 0.17323,0.15625 0.1789,-0.18817 0.37594,-0.38084 0.51377,-0.45899 0.23819,-0.13505 0.68627,-0.57735 1.34054,-0.74023 0.84461,-0.77211 1.62888,-1.68809 1.37006,-2.15039 -0.28413,-0.56394 -1.22957,-0.6565 -1.51378,-1.31449 -0.28419,-0.37597 0.0928,-1.0342 -0.0965,-1.41019 -1.32603,-2.25579 -3.78789,-1.1263 0.56889,-3.66409 -0.1877,-0.27936 -0.28048,-0.58239 -0.38583,-0.87303 -10e-4,-0.003 -0.003,-0.005 -0.004,-0.008 -0.003,-0.008 -0.007,-0.0154 -0.01,-0.0235 -0.1107,-0.28104 -0.23447,-0.55095 -0.46258,-0.77734 -0.046,-0.0911 -0.15924,-0.005 -0.27362,0.0859 l -0.01,0.008 c -0.0553,0.044 -0.11038,0.0874 -0.15748,0.10938 -0.0544,0.0279 -0.10084,0.0343 -0.12598,-0.0156 -0.0947,-0.28197 0.3784,-0.74925 0.18897,-1.0312 -0.0947,-0.28198 -0.66096,4.9e-4 -0.85038,-0.1875 -0.56823,-0.93993 0.75613,-0.87353 0.66141,-1.43749 -0.0227,-0.11235 -0.0754,-0.20734 -0.13779,-0.29492 -0.1351,-0.18269 -0.3192,-0.33125 -0.42716,-0.51562 -0.0569,-0.0926 -0.0965,-0.19398 -0.0965,-0.31445 -0.0813,-0.24219 0.46209,-0.68983 0.37794,-0.87109 -0.0164,-0.0226 -0.0424,-0.0418 -0.0866,-0.0527 -1.23129,-0.56397 -3.88172,-0.56395 -4.73416,0.75195 -0.0373,0.037 -0.0645,0.0744 -0.0827,0.11328 -0.0179,0.0383 -0.0266,0.0784 -0.0315,0.11914 v 0.002 c -0.007,0.0829 0.003,0.17182 0.0118,0.26952 l -0.0709,-0.0156 c 0.0561,0.18022 0.13429,0.36105 0.24212,0.44531 0.036,0.0281 0.0753,0.046 0.11811,0.0488 0.085,0.006 0.14162,0.017 0.17913,0.0352 0.11001,0.0534 0.0373,0.16553 -0.11221,0.36327 -0.0501,0.0663 -0.11582,0.10392 -0.19094,0.13087 -0.0563,0.0205 -0.11878,0.0331 -0.18108,0.0469 -0.0216,0.005 -0.0413,0.0106 -0.063,0.0156 -0.16631,0.0387 -0.3332,0.0948 -0.43306,0.29297 -0.10018,0.19888 -0.33912,0.30951 -0.5925,0.35351 -0.25339,0.044 -0.52127,0.0214 -0.67715,-0.0449 -0.1559,-0.0664 -0.42251,0.0214 -0.63974,0.0879 -0.10786,0.033 -0.20434,0.0621 -0.26772,0.0625 -0.0634,9e-5 -0.0951,-0.0281 -0.0728,-0.10546 0.0221,-0.0768 0.0643,-0.14884 0.11024,-0.21484 v -0.002 c 0.0464,-0.0664 0.0972,-0.12627 0.13779,-0.18165 0.081,-0.11074 0.12058,-0.19934 -0.002,-0.26562 -0.12163,-0.0658 -0.12655,-0.14847 -0.0532,-0.23047 0.0375,-0.0419 0.0949,-0.0832 0.16929,-0.12305 0.0734,-0.0392 0.16159,-0.0762 0.26181,-0.10937 0.10018,-0.0332 0.2248,-0.054 0.35431,-0.0664 0.38856,-0.0373 0.82675,0 0.82675,0 -0.0613,-0.0387 -0.11694,-0.0889 -0.16338,-0.14648 -0.0929,-0.11521 -0.14872,-0.26213 -0.13582,-0.41603 0.006,-0.0769 0.0303,-0.15506 0.0748,-0.2324 0.0182,-0.0316 0.0888,-0.10879 0.13189,-0.16211 -0.002,-0.0215 -0.0111,-0.0447 -0.0138,-0.0664 l 0.004,-0.004 0.43503,-0.43165 -0.86021,-0.72656 -0.0138,-0.0117 c -0.003,-0.006 -0.005,-0.0132 -0.008,-0.0195 l 0.004,-0.004 v -0.002 l 0.23227,-0.20899 -0.22244,-0.26367 0.84643,-0.88476 -0.42321,-0.46484 c 0,0 0.42221,-0.41939 0.60037,-0.4414 0.0442,-0.005 0.12406,-0.0616 0.22244,-0.14258 0.0993,-0.0819 0.21852,-0.19083 0.34251,-0.30274 0.24797,-0.22382 0.51603,-0.46104 0.68306,-0.52733 0.33406,-0.13258 0.89022,-0.44053 1.15741,-0.6836 0.26723,-0.24299 0.22243,-0.31055 0.22243,-0.31055 l -0.17716,-0.24218 c 0,0 0.4899,-0.35495 0.35628,-0.79686 -0.13362,-0.44196 -0.28936,-0.6836 -0.28936,-0.6836 l -0.0256,-0.0293 c 0.10181,-0.17434 0.2575,-0.28874 0.44291,-0.37304 0.0985,-0.0449 0.21723,-0.0696 0.32873,-0.10156 0.26286,-0.0752 0.53383,-0.1461 0.79919,-0.23047 0.0458,-0.0144 0.0956,-0.0224 0.13976,-0.0391 0.002,-7.4e-4 0.004,-9.5e-4 0.006,-0.002 0.20177,-0.0775 0.38373,-0.18213 0.52164,-0.3418 0.29309,-0.24932 0.61298,-0.77086 0.94879,-1.32029 0.12858,-0.0224 0.26966,-0.0342 0.37992,-0.0605 0.64585,-0.15469 0.44446,-0.70617 0.95666,-0.94923 0.35487,-0.1684 0.22713,-0.59131 0.11614,-0.84178 0.4373,-0.17824 0.84912,0.61171 0.93698,-0.60938 0,-0.46995 -1.44857,0.46999 -1.54321,0 -0.18942,-0.46995 0.59772,-0.84276 0.88187,-1.21879 0,0 0.18897,0.094 0.18897,0 0,-0.0555 -0.0352,-0.12716 -0.0768,-0.20311 0.12956,-0.0834 0.25069,-0.18795 0.29724,-0.34375 0.12599,-0.42185 0.47241,-0.0781 0.61415,0.0625 0.11225,0.11108 0.21388,0.0673 0.41535,-0.0723 0.22594,0.13701 0.39935,0.31014 0.56297,0.47266 -10e-4,0.002 -9.6e-4,0.005 -0.002,0.006 -0.12619,0.20315 -0.0472,0.20313 0.0787,0.35938 0.12599,0.15639 0.17319,-0.14065 0.34644,0.0469 0.17323,0.18724 0.67712,-0.0937 0.67715,-0.0937 l 0.61416,0.20312 0.42518,-0.43751 -0.30511,-0.31053 c 0.0571,-0.0464 0.13367,-0.12853 0.19488,-0.18165 l 0.33069,0.30469 c -2e-5,0 0.44092,-0.17186 0.31496,-0.39062 -0.0167,-0.029 -0.0685,-0.0915 -0.10433,-0.13672 l 0.25787,-0.38281 0.47439,0.0742 0.14173,-0.13867 0.0177,-0.0176 c -0.005,-0.004 -0.0166,-0.006 -0.0216,-0.01 -0.006,-0.0453 -0.009,-0.0967 -0.0158,-0.13672 l -0.0689,-0.27539 c -0.0485,-0.1514 -0.0925,-0.2367 -0.0925,-0.27147 0,-0.0663 -0.42336,-0.28774 -0.45669,-0.65235 -0.0334,-0.36459 -0.0324,-0.33166 0.17914,-0.48632 0.21156,-0.15468 0.13362,-0.49724 0,-0.77344 -0.13364,-0.27622 0.54496,-0.6072 0.37794,-0.86132 -0.16703,-0.25412 0.16731,-0.39823 0.16731,-0.65234 0,-0.25414 0.32238,-0.61752 0.44487,-0.8164 0.11655,-0.18924 -0.22725,-0.39066 -0.76769,-0.91211 0,-0.006 -0.006,-0.008 -0.006,-0.0137 -0.0947,-0.46996 0.094,-0.93824 0.28346,-1.40819 l 1.32471,-2.16019 c 0.0364,-0.21664 0.0806,-0.74116 0.12796,-1.2363 l -0.0158,-0.0215 c 0.0758,-0.79291 0.17181,-1.64439 0.34645,-2.04879 0.7577,-1.50389 2.65094,-2.63009 3.69285,-4.41598 0.0226,-0.0392 0.0199,-0.0781 0.002,-0.11718 -0.37994,-0.61051 -5.31468,-1.19859 -5.66712,-1.46089 -0.004,-0.004 -0.004,-0.0113 -0.008,-0.0156 -10e-4,-7.4e-4 -0.007,-9.5e-4 -0.008,-0.002 -0.27986,-0.27775 -0.10598,-0.8254 -0.37204,-1.1113 -0.49297,-0.361 -3.4944,0.84524 -3.68297,0.56446 -0.001,-0.004 10e-4,-0.009 0,-0.0137 -0.003,-0.003 -0.0138,-8.9e-4 -0.0158,-0.004 -0.0939,-0.27956 0.27494,-0.65028 0.0964,-0.83985 -2.81593,-2.50688 -0.93462,1.3248 -2.06881,0.10547 -0.004,-0.004 -0.008,-0.01 -0.0118,-0.0137 l -0.004,-0.004 c -0.11307,-0.11221 -0.21801,-0.24474 -0.31889,-0.3867 -0.63749,-0.89734 -1.05986,-2.28659 -1.58656,-2.92769 -9.6e-4,-10e-4 -9.3e-4,-0.003 -0.002,-0.004 -0.0814,-0.0987 -0.16618,-0.17435 -0.25394,-0.23242 -0.24013,-0.23849 -0.6738,-0.087 -0.91926,-0.20117 -0.25315,-0.22632 -0.50138,-0.47565 -0.5177,-0.60547 -0.0347,-0.27542 -1.006,-0.48208 -1.19682,-0.18945 -0.0821,0.12592 -0.12141,0.19577 -0.16928,0.2539 -0.15242,0.026 -0.30711,0.0792 -0.46456,0.15234 -0.31091,0.035 -0.70346,0.0712 -0.71847,-0.18163 -0.0173,-0.29264 -0.97207,-0.39694 -0.9547,-0.60351 0.0173,-0.20657 -0.15621,-0.20531 -0.46849,-0.30859 -0.17602,-0.0582 -0.30442,0.14506 -0.39566,0.35351 -0.18482,-0.0535 -0.37024,-0.0977 -0.5551,-0.0977 -0.66298,-0.094 -1.32532,0.56322 -1.89364,0.28126 -0.47357,-0.188 -0.0958,-1.0322 -0.37991,-1.4082 -0.18942,-0.28192 -0.6627,-0.0932 -0.94682,-0.28125 -0.0947,-0.094 0.37991,-0.28296 0.37991,-0.37695 -0.0947,-0.18797 -0.19052,-0.37475 -0.37991,-0.46874 -0.18943,-0.094 -0.4722,0.28149 -0.56691,0.18749 -0.11574,-0.0861 -0.2026,-0.20163 -0.28149,-0.32421 -0.0869,-0.0312 -0.17559,-0.0591 -0.25394,-0.10351 -0.24288,-0.13771 -0.26176,-0.48143 -0.53935,-0.61914 -0.0767,-0.0381 -0.17385,-0.12401 -0.26771,-0.19533 -0.57746,-0.0759 -1.20549,-0.0138 -1.49797,-0.4492 -0.37885,-0.37596 0.37795,-0.93821 0.37795,-1.40819 -0.0742,-0.29437 -0.4284,-0.42133 -0.58267,-0.64062 0.14172,-0.29812 0.30716,-0.68541 0.2185,-0.83202 -0.13363,-0.22098 0.60038,-1.0176 0.60038,-1.0176 l -0.37795,-0.10938 -1.18109,0.97071 -0.0354,0.84178 h -0.0118 c 0,0 -0.8838,0.0676 -1.16144,0.3086 -0.21174,0.18383 -0.83573,0.1844 -1.32088,0 -1.14693,-0.0139 -2.18663,-0.40876 -2.01761,-0.74413 0.28414,-0.46998 0.75785,-0.75073 0.75785,-1.2207 0,-0.28195 -0.75808,-0.28222 -0.66337,-0.6582 0,-0.451 0.47906,-0.84121 0.67322,-1.26759 l -0.25787,0.0859 -0.83069,-1.31249 c -0.034,-0.007 -0.0636,-0.0173 -0.0984,-0.0234 -0.31138,0.092 -0.50197,0.14978 -0.8051,0.23437 -0.55517,0.15492 -0.52033,-0.18931 -1.11025,-0.27538 -0.58985,-0.0861 -0.53859,0.60376 -0.78147,0.43163 -0.16803,-0.11909 -0.29002,-0.38224 -0.24803,-0.81054 -0.0153,-0.0223 -0.0367,-0.0421 -0.0433,-0.0684 -0.0625,-0.2479 0.035,-0.53517 0.0846,-0.81056 -0.0499,-0.12428 -0.10836,-0.24812 -0.13977,-0.35936 -0.12142,-0.43034 -0.46906,-0.31055 -0.86807,-0.31055 -0.34318,0 -0.35335,-0.0732 0.008,-0.47069 -0.16735,-0.003 -0.33947,-5.2e-4 -0.51573,0.006 -0.43913,0.38069 -0.74307,0.45592 -1.00194,0.15626 -0.26592,-0.30782 -0.60383,-0.54305 -0.4744,-0.9668 -0.10505,-0.41369 -0.0843,-1.02899 -0.13976,-1.62499 -0.1599,-0.0973 -0.19583,-0.20095 -0.2874,-0.43946 -0.1388,-0.36148 -0.07,-0.58435 -0.31297,-0.60155 -0.24289,-0.0172 -0.46701,0.12038 -0.67518,0.0859 -0.20818,-0.0345 -0.5386,0.17248 -0.78148,0.29297 -0.2429,0.12049 -0.19078,0.56751 -0.5551,0.61914 -0.36271,0.0514 -0.89625,-0.37611 -1.05512,-0.85547 -0.24176,-0.21342 -0.43557,-0.49889 -0.59053,-0.83006 -0.0467,-0.0102 -0.091,-0.0308 -0.14173,-0.0176 -0.32963,0.0861 -0.38138,-0.34454 -0.45079,-0.84375 -0.0627,-0.45092 -0.12333,-0.62082 0.11811,-0.76367 -0.14205,-0.78915 -0.20121,-1.55969 -0.26967,-2.03519 l 0.002,-0.002 z m -66.93709,22.7659 c -0.50497,0.18789 -0.88473,0.56432 -0.44291,0.62695 0.44184,0.0626 1.07406,-6.7e-4 0.44291,-0.62695 z m 13.44466,12.02494 c -0.29885,0.0147 -0.34741,0.39014 0.12598,0.625 0.6312,0.31314 1.00936,0.0636 0.25197,-0.50001 -0.14202,-0.0939 -0.27836,-0.12988 -0.37795,-0.12499 z m 1.63977,3.66209 c -0.38503,0.12671 -0.35363,0.89725 0.75786,1.47269 1.4517,0.75154 0.44248,-0.81328 -0.31495,-1.37699 -0.0947,-0.0548 -0.17392,-0.0844 -0.25394,-0.0957 -0.07,-0.01 -0.13394,-0.0181 -0.18897,0 z m 7.38559,5.73047 c 0,0 -0.69445,0.68909 0.063,0.87695 0.75744,0.18791 1.07356,0.62602 0.69486,0.12501 -0.37869,-0.50102 0.44144,-0.75144 -0.75785,-1.002 z m 83.22994,1.49219 -0.42519,0.41211 0.42519,-0.41016 0.45274,0.006 0.004,-0.002 z m 2.18299,0.3125 c 0.016,0.0404 0.0407,0.0673 0.0591,0.10547 l 0.002,-0.002 c -0.018,-0.0377 -0.0432,-0.0638 -0.0591,-0.10351 z m -1.25588,0.3125 c -0.0952,0.0406 -0.20272,0.0646 -0.32871,0.0586 -0.16984,-0.008 -0.29264,-0.0222 -0.37598,-0.0469 0.0827,0.0251 0.20508,0.0408 0.37598,0.0488 0.12595,0.006 0.23335,-0.0201 0.32871,-0.0605 z m -85.41897,1.1406 -0.37992,0.75194 1.19884,0.18751 -0.81888,-0.93945 z m 5.8699,7.39056 c -0.6312,0 -1.07275,0.49974 -0.12598,0.625 0.9468,0.12523 1.45139,1.002 2.08261,1.002 0.63119,0 -0.63111,-1.627 -1.95663,-1.627 z m 0.88384,2.81839 c -0.44183,0.43837 -0.19001,1.56459 0.31495,2.44139 0.50495,0.87678 0.82096,-0.063 0.75785,-0.75194 -0.0631,-0.6889 -0.44161,-0.93791 -1.07275,-1.68949 z m 92.0899,44.9038 c -0.37885,0.75194 -1.13554,1.31449 -1.23027,2.06639 -0.0947,0.65795 0.56828,1.87899 0,1.87889 -0.663,0 -1.13645,-0.7522 -1.70467,-0.65821 -0.47351,0.094 -0.47328,0.93874 -0.94683,1.22069 -0.37886,0.188 -0.85143,-0.18796 -1.23027,0 -0.47357,0.188 -0.56775,0.84546 -1.04131,0.93945 -0.18942,0.094 -0.3777,-0.563 -0.47243,-0.375 -0.37884,0.56394 -0.28497,1.4084 -0.47441,2.06639 -0.18941,0.28198 -1.23048,9.7e-4 -1.13574,0.37695 0.28414,0.56394 1.23028,0.84422 1.23028,1.40819 0,0.65795 -1.23048,0.84425 -1.13585,1.4082 0.18943,0.75187 1.60994,0.56446 1.70467,1.31639 0.0947,0.65796 -1.42166,1.0332 -1.23229,1.78519 0.0947,0.56394 1.60993,-0.56396 1.70467,0 0.0947,0.75195 -1.41925,1.127 -1.41925,1.8789 -0.0947,0.65793 1.0406,0.84421 1.32482,1.40819 0.18942,0.37596 -0.37844,0.75123 -0.18898,1.03319 0.85241,1.4099 1.60923,0.46973 2.84052,0.84571 0.28407,0.094 -0.0956,2.81979 1.23028,1.50389 0.47354,-0.56396 0.19027,-1.40839 0.47439,-2.06639 0.18944,-0.28195 0.75588,-0.28221 0.75588,-0.65819 0.0947,-0.18799 -0.56691,0.0945 -0.56691,-0.18749 0,-0.188 0.47219,-0.001 0.56691,-0.18945 1.04181,-1.1279 0.56888,-2.81709 0.56888,-4.03908 0,-1.1279 1.61044,-2.34739 1.5157,-3.94529 0,-0.56393 -0.001,-2.62918 -0.28542,-3.28708 -0.0422,-0.10478 -0.10059,-0.2159 -0.15748,-0.31445 0.0665,0.0323 0.0868,0.0315 0.063,-0.0625 -0.18943,-0.37597 -0.7561,-1.40899 -0.6614,-1.03319 0.14208,0.42296 0.37158,0.73398 0.56691,1.06439 -0.21318,-0.12932 -0.66337,-0.60729 -0.66337,-0.87695 0,-1.03389 1.32603,-3.56788 0,-4.50777 z0:{"buildId":"plHkHwauwimigr9ICF1nm","rsc":["$","$1","c",{"children":[["$","main",null,{"id":"main-content","className":"pt-20","style":{"background":"var(--background)"},"children":[["$","$L2",null,{}],["$","section",null,{"className":"wwu-section relative justify-center text-center px-6","children":[["$","div",null,{"className":"w-full flex flex-col items-center gap-6 lg:gap-8","children":[["$","h1",null,{"className":"font-sans font-extrabold uppercase tracking-tight text-[#0B2545] text-3xl sm:text-5xl md:text-6xl lg:text-7xl xl:text-8xl leading-[1.05] max-w-4xl lg:max-w-5xl xl:max-w-6xl","children":"Programme de Partenariat Lena's Cleaning Services"}],["$","p",null,{"className":"font-sans text-lg sm:text-xl lg:text-2xl xl:text-3xl max-w-xl lg:max-w-2xl xl:max-w-3xl","style":{"color":"var(--ink-2)"},"children":"Lancez Lena's Cleaning Services dans votre ville"}]]}],["$","div",null,{"className":"absolute bottom-10 left-1/2 -translate-x-1/2 flex flex-col items-center gap-2","style":{"animation":"tarifs-float 2.4s ease-in-out infinite"},"children":[["$","p",null,{"className":"font-sans text-sm lg:text-base","style":{"color":"var(--ink-3)"},"children":"Faites défiler pour en savoir plus"}],["$","svg",null,{"xmlns":"http://www.w3.org/2000/svg","width":24,"height":24,"viewBox":"0 0 24 24","fill":"none","stroke":"currentColor","strokeWidth":2,"strokeLinecap":"round","strokeLinejoin":"round","className":"lucide lucide-chevron-down w-5 h-5 lg:w-6 lg:h-6","style":{"color":"var(--ink-3)"},"aria-hidden":"true","children":[["$","path","qrunsl",{"d":"m6 9 6 6 6-6"}],"$undefined"]}]]}]]}],["$","section",null,{"className":"wwu-section bg-white","children":["$","div",null,{"className":"w-full max-w-[1400px] mx-auto px-6 sm:px-10 md:px-16 lg:px-16 xl:px-20 py-12 grid lg:grid-cols-2 gap-12 lg:gap-16 items-center","children":[["$","div",null,{"children":[["$","h2",null,{"className":"font-sans font-extrabold text-4xl sm:text-5xl lg:text-6xl text-[#0B2545] tracking-tight mb-6 lg:mb-8","children":"Situation actuelle"}],["$","p",null,{"className":"font-sans text-lg lg:text-xl leading-relaxed max-w-xl lg:max-w-2xl","style":{"color":"var(--ink-2)"},"children":"Lena's Cleaning Services est aujourd'hui active à Liège, en Belgique, et à Aoste, en Italie. Au cours des cinq prochaines années, notre objectif est de nous développer dans toute l'Europe, en construisant une marque de nettoyage de confiance, présente dans les grandes villes et communautés du continent."}]]}],["$","div",null,{"className":"status-map","children":[["$","div",null,{"className":"status-map-surface","children":[["$","div",null,{"className":"status-map-header","children":[["$","p",null,{"className":"font-sans text-[11px] lg:text-xs font-bold uppercase tracking-[0.25em]","style":{"color":"#93C5FD"},"children":"Là où nous opérons"}],["$","p",null,{"className":"font-sans font-extrabold text-4xl lg:text-5xl text-white mt-1 leading-none","children":"2"}],["$","p",null,{"className":"font-sans text-xs lg:text-sm text-white/50 mt-1","children":"villes actives"}]]}],["$","svg",null,{"viewBox":"190 260 240 180","preserveAspectRatio":"xMidYMid meet","className":"europe-map-svg","aria-hidden":"true","children":[["$","defs",null,{"children":[["$","radialGradient",null,{"id":"europeMapFade","cx":"50%","cy":"46%","r":"72%","children":[["$","stop",null,{"offset":"0%","stopColor":"#fff","stopOpacity":"1"}],["$","stop",null,{"offset":"100%","stopColor":"#fff","stopOpacity":"0"}]]}],["$","mask",null,{"id":"europeMapMask","children":["$","rect",null,{"x":"190","y":"260","width":"240","height":"180","fill":"url(#europeMapFade)"}]}]]}],["$","g",null,{"mask":"url(#europeMapMask)","className":"europe-map-countries","children":[["$","path",null,{"d":"$3"}],"$L4","$L5","$L6","$L7","$L8","$L9","$La"]}]]}],"$Lb"]}],"$Lc","$Ld"]}]]}]}],"$Le","$Lf","$L10","$L11","$L12","$L13"]}],["$L14","$L15"],"$L16"]}],"loading":null,"isPartial":false}
17:T205b,m 267.63092,318.99973 -0.437,0.53906 -0.0157,-0.1875 c -0.20706,0.23081 -0.41717,0.4954 -0.67913,0.58985 -0.008,0.003 -0.0156,0.007 -0.0236,0.01 -0.0351,0.011 -0.0711,0.0174 -0.10827,0.0215 -0.0702,0.009 -0.1436,0.006 -0.22243,-0.0156 -0.0172,-0.005 -0.0355,-0.0149 -0.0532,-0.0215 -0.0968,-0.0348 -0.19889,-0.0903 -0.31101,-0.18163 -0.003,-0.003 -0.007,-0.003 -0.01,-0.006 -0.0399,-0.0395 0.007,-0.14666 0.0571,-0.25587 -0.032,0.0147 -0.0559,0.0298 -0.0866,0.0449 -0.069,0.034 -0.14104,0.0674 -0.19291,0.10155 -0.0768,0.0506 -0.12794,0.10053 -0.12794,0.14259 0,0.1826 -0.27057,0.18278 -0.4055,0.0977 -0.0644,-0.0407 -0.17803,-0.0781 -0.28543,-0.082 0.10058,0.43154 0.31484,0.89647 0.01,0.89647 -0.0101,0.003 -0.018,0.003 -0.0276,0.006 v -0.01 c -0.15275,0.0455 -0.2706,0.0227 -0.36022,-0.0625 h -0.002 l -0.0591,0.002 -0.15551,-0.28711 -0.43897,0.0684 c 0.0399,0.0843 0.0717,0.17583 0.0945,0.20703 0.0891,0.12153 0.055,0.17551 0.0217,0.39648 -0.007,0.0493 -0.008,0.0996 -0.008,0.0996 0,0 -0.0807,-0.0532 -0.0807,-0.17578 0,-0.21638 -0.0965,-0.19673 -0.23622,-0.30273 l -0.38976,0.41015 -0.13188,0.13672 -0.27755,0.19336 c -0.0546,0.0419 -0.15375,0.10778 -0.2244,0.17188 -0.0617,0.0435 -0.12203,0.0712 -0.1811,0.0879 -0.0589,0.0165 -0.11782,0.0217 -0.17724,0.0215 -0.11912,-4.3e-4 -0.24176,-0.0241 -0.3818,-0.0332 -0.1416,0.12191 -0.28677,0.23655 -0.43699,0.33203 -10e-4,7.6e-4 -0.003,9e-4 -0.004,0.002 -0.44655,0.28932 -0.92862,0.40994 -1.46843,0.0527 -10e-4,-10e-4 -7.4e-4,-0.003 -0.002,-0.004 -0.002,-10e-4 -0.004,-0.003 -0.006,-0.004 -0.18778,-0.18634 0.18004,-0.55439 0.002,-0.65233 -0.16448,-0.0753 -0.33648,-0.11757 -0.5118,-0.14258 -0.16233,-0.0884 -0.3829,-0.16692 -0.59841,-0.23242 -0.0341,-0.0103 -0.0606,-0.0279 -0.0945,-0.0371 -0.002,-5.7e-4 -0.004,-9e-4 -0.006,-0.002 -0.12284,-0.0329 -0.24367,-0.059 -0.35431,-0.0723 h -0.002 c -0.11111,-0.0133 -0.21253,-0.0141 -0.29329,0 -0.0426,0.007 -0.0763,0.0239 -0.10236,0.0469 -0.0261,0.0232 -0.0444,0.053 -0.0571,0.0879 -0.0205,0.0558 -0.0197,0.129 -0.0177,0.20118 4.9e-4,0.0182 -0.005,0.0322 -0.004,0.0508 1.6e-4,0.002 -1.8e-4,0.004 0,0.006 -0.36632,0.0224 -0.68512,-2.5e-4 -0.89959,-0.19336 l -0.002,-0.002 -0.002,-0.002 c -0.21569,-0.19286 -0.32672,-0.55706 -0.27558,-1.21679 l -0.0551,-0.10938 c -0.41517,0.0826 -0.83728,0.13117 -1.11216,0.25586 -0.2265,0.10274 -0.3508,0.13171 -0.54525,0.23046 -1.78954,0.90862 -3.68096,2.08399 -5.00577,2.44919 l -0.0945,0.0937 c 0.0692,0.48071 0.12807,1.264 0.27361,2.06249 -0.23851,0.14256 -0.17858,0.31231 -0.11613,0.76172 0.0694,0.49921 0.12112,0.92981 0.45078,0.84375 0.0521,-0.0136 0.0979,0.006 0.14566,0.0176 0.15159,0.31874 0.33983,0.59269 0.57282,0.80077 0.003,0.008 0.007,0.0152 0.01,0.0234 0.15598,0.48199 0.69467,0.91293 1.05904,0.86133 0.36433,-0.0516 0.3122,-0.49865 0.5551,-0.61914 0.24288,-0.12049 0.57329,-0.32744 0.78148,-0.29297 0.20817,0.0344 0.4323,-0.10329 0.67517,-0.0859 0.2429,0.0172 0.17418,0.24007 0.31299,0.60155 0.0908,0.23658 0.12701,0.34089 0.28345,0.43751 0.0538,0.60051 0.0348,1.21679 0.14566,1.62499 -0.13144,0.42525 0.20602,0.66036 0.47244,0.96875 0.26372,0.30528 0.5746,0.22056 1.0275,-0.17969 0.17408,-0.006 0.34537,-0.009 0.50982,-0.004 -0.3814,0.41679 -0.37689,0.49218 -0.0275,0.49218 0.39889,0 0.74665,-0.11979 0.86808,0.31055 0.0302,0.10696 0.0862,0.22617 0.13386,0.3457 -0.0502,0.27377 -0.14476,0.55895 -0.0827,0.80469 0.007,0.0285 0.0297,0.0503 0.0472,0.0742 -0.0467,0.43739 0.078,0.70373 0.24802,0.82421 0.24291,0.17212 0.19163,-0.5177 0.78148,-0.43163 0.58987,0.0861 0.55503,0.43029 1.11024,0.27538 0.31661,-0.0884 0.52505,-0.15279 0.84052,-0.24609 0.0172,0.003 0.0323,0.008 0.0492,0.0117 l 0.84446,1.33589 0.24606,-0.082 c -0.20076,0.41782 -0.66337,0.8033 -0.66337,1.24609 -0.0947,0.37598 0.66337,0.37645 0.66337,0.6582 0,0.46998 -0.47373,0.75075 -0.75785,1.2207 -0.16716,0.33176 0.84992,0.71857 1.98223,0.74022 0.49038,0.20122 1.14028,0.21072 1.35827,0.0215 0.27758,-0.24103 1.16134,-0.3086 1.16134,-0.3086 l 0.01,-0.002 0.0354,-0.83983 1.18109,-0.97071 0.37794,0.10938 c 0,0 -0.734,0.7966 -0.60037,1.0176 0.0878,0.14522 -0.0732,0.52773 -0.21456,0.82616 0.1582,0.21377 0.50751,0.3385 0.58069,0.6289 0,0.46999 -0.75876,1.0342 -0.37991,1.41019 0.28585,0.42552 0.89549,0.36995 1.46259,0.4375 0.10706,0.0835 0.21766,0.17928 0.3051,0.22266 0.27758,0.13771 0.29646,0.48143 0.53936,0.61914 0.0819,0.0464 0.17466,0.0752 0.26574,0.10742 0.0758,0.11535 0.15999,0.22303 0.26968,0.30469 0.0947,0.094 0.37945,-0.28152 0.56888,-0.1875 0.18942,0.094 0.28321,0.28074 0.37794,0.46874 0,0.094 -0.47267,0.28297 -0.37794,0.37695 0.28413,0.188 0.75741,-7.4e-4 0.94681,0.28125 0.28413,0.37597 -0.0956,1.2222 0.37794,1.4102 0.56832,0.28196 1.2327,-0.37525 1.89566,-0.28124 0.18588,0 0.37124,0.0439 0.55709,0.0976 0.0915,-0.20279 0.22114,-0.39627 0.39172,-0.33984 0.0668,0.0221 0.1011,0.0336 0.22637,0.0703 0.13958,-0.1813 0.34897,-0.34062 0.2874,-0.5664 -0.0258,-0.3413 0.47731,-0.61289 0.25983,-0.93945 -0.2303,-0.15947 -0.14462,-0.36521 -0.0394,-0.5371 -0.28622,-0.16063 -0.43875,-0.39905 -0.46653,-0.73047 -0.0375,-0.17905 -0.19194,-0.22916 -0.32479,-0.28906 -0.13285,-0.0599 -0.24347,-0.13082 -0.19684,-0.35156 -0.0258,-0.29112 0.16337,-0.53667 0.29329,-0.74608 -0.18968,-0.10417 -0.18242,-0.26661 -0.1122,-0.43555 0.0703,-0.16896 0.20213,-0.34415 0.26575,-0.47461 0.27141,-0.0581 0.40466,-0.27679 0.24605,-0.50977 0.1631,-0.2167 0.52547,-0.28632 0.46455,-0.64452 -0.0276,-0.38509 0.14543,-0.73946 0.54526,-0.81445 0.25919,-0.15674 0.23555,-0.64107 0.62991,-0.57618 0.20291,0.054 0.10513,0.46028 0.41338,0.29298 0.1434,-0.13427 0.27685,-0.23672 0.38384,-0.004 0.0396,0.0858 0.0287,0.16388 0.0866,0.27734 0.19818,-0.12584 0.48836,-0.3118 0.62794,-0.39258 0.0944,-0.0547 0.0318,-0.20703 -0.004,-0.36915 -0.0354,-0.1621 -0.0433,-0.33397 0.16141,-0.42771 0.40944,-0.1875 0.70864,-0.35937 0.72438,-0.57813 0.0157,-0.21865 0.17323,-0.23437 0.50394,-0.20312 0.33069,0.0312 0.44084,-0.40626 0.17322,-0.67188 -0.26771,-0.26554 0.15747,-0.92196 -0.11023,-1.40619 -0.26772,-0.48439 -0.83463,-0.28125 -1.07084,-0.48438 -0.23622,-0.20312 -0.22047,-0.64063 0.17323,-0.98438 0.3936,-0.34365 0.44092,-0.57812 0.11023,-0.62499 -0.33071,-0.0469 -0.62991,-0.15624 -0.88187,-0.625 -0.25196,-0.46866 -0.063,-0.56248 -0.55116,-0.60937 -0.1261,-0.0121 -0.2582,-0.1987 -0.39173,-0.36523 l 0.008,0.0273 c 0.0159,0.026 0.0218,0.0481 0.0394,0.0742 h -0.0236 l -0.0177,-0.0156 c -2.3e-4,-4e-5 -0.004,5e-5 -0.004,0 -0.0226,-0.004 -0.17349,-0.0325 -0.33661,-0.0449 -0.0809,-0.006 -0.164,-0.008 -0.23425,-0.002 -0.0711,0.006 -0.12812,0.0216 -0.15747,0.0508 -0.0911,0.0904 -0.20639,-0.0995 -0.29133,-0.16796 -0.0283,-0.0228 -0.0533,-0.0331 -0.0728,-0.0137 -0.039,0.0387 -0.16519,0.0728 -0.29133,0.0781 -0.12614,0.005 -0.25227,-0.0182 -0.29133,-0.0957 -0.0781,-0.15491 -0.34708,-0.28397 -0.42519,-0.0859 -0.0781,0.19683 -0.70176,0.0939 -0.56297,-0.01 0.13885,-0.10329 0.17322,-0.25676 0.17322,-0.4375 0,-0.0443 -0.005,-0.0756 -0.0157,-0.0996 v -0.002 c -0.0105,-0.0237 -0.0285,-0.04 -0.0512,-0.0567 -0.0467,-0.0344 -0.11991,-0.0698 -0.22835,-0.16016 -0.21694,-0.18075 -0.0433,-0.65429 -0.0433,-0.65429 l 0.4232,-0.16797 -0.0354,-0.0449 -0.0118,-0.0156 c 0.16736,-0.24398 0.49608,-0.35766 0.5748,-0.59179 0.0222,-0.0441 0.009,-0.0715 -0.0177,-0.0918 -0.067,-0.0375 -0.19616,-0.0459 -0.27755,-0.0879 -0.0486,-0.0207 -0.0847,-0.0509 -0.0847,-0.10156 0.003,-0.0189 0.0137,-0.036 0.0177,-0.0547 l 0.0256,-0.0234 v -0.002 l 0.36613,-0.3418 -0.11614,-0.24804 -0.01,-0.0195 c 0.16987,-0.29515 0.36641,-0.58674 0.4744,-0.90821 0.0945,-0.18797 0.56715,-0.37449 0.47242,-0.56249 -0.0683,-0.0888 -0.14763,-0.15372 -0.22046,-0.23242 l -0.3996,0.17188 -0.0374,-0.41016 -0.82281,-0.0215 -0.0433,-0.19727 -0.73819,-0.36915 0.0177,-0.51757 h 0.002 l -0.43502,-0.51562 -0.55512,0.42187 -0.38581,0.0449 -0.0138,0.002 c -0.32675,-0.0426 -0.64331,-0.0855 -0.94681,-0.13671 l 0.0591,-0.38868 -0.20472,-0.3125 -0.50589,0.10547 c -0.16807,-0.33432 -0.31282,-0.74597 -0.44684,-1.1406 l 0.22835,-0.41798 -0.20472,-0.5156 -0.44094,-0.0781 -0.15747,0.51562 -0.69684,0.50781 c 0,0 9.7e-4,-0.10836 -0.0118,-0.14844 -0.11024,-0.34374 -0.36221,-0.23435 -0.55118,-0.20314 -0.18896,0.0313 -0.59838,0.12502 -0.55116,-0.17185 0.0473,-0.29687 0.40944,0.0312 0.40945,0.0312 l 0.20471,-0.35938 -0.22047,-0.46874 -0.40943,-0.17188 z4:["$","path",null,{"d":"$17"}]
18:T399d,m 281.7206,294.72984 c -0.0878,0.0238 -0.18312,0.18945 -0.0118,0.28905 0.15748,0.2422 0.13384,0.086 0.35431,0.0313 0.22047,-0.0547 0.17301,-0.0937 0.008,-0.1875 -0.16535,-0.0937 -0.20476,0.0234 -0.27558,-0.10157 -0.0177,-0.0312 -0.0455,-0.0392 -0.0748,-0.0312 z m 1.09835,0.0527 c -0.0509,0.008 -0.1063,0.0273 -0.15747,0.0644 -0.20473,0.14851 0.0945,0.1797 0.28345,0.0781 0.14174,-0.0762 0.0268,-0.16529 -0.12598,-0.14258 z m -1.80112,0.34766 c -0.10709,0.002 -0.2546,0.0217 -0.40944,0.0312 -0.30964,0.0192 -0.6905,0.0625 -0.91532,0.0625 -0.10628,-0.008 -0.1714,0.26216 -0.22047,0.4082 -0.049,0.14602 -0.0188,0.29179 0.063,0.21875 0.0818,-0.0731 0.12115,-0.21875 0.25196,-0.21875 0.13081,0 0.66069,-0.11328 0.94682,-0.21876 0.28614,-0.10547 0.53984,-0.17889 0.47439,-0.25194 -0.0163,-0.0182 -0.0839,-0.0337 -0.19093,-0.0312 z m -4.95266,0.25195 c -0.0481,-0.0192 -0.12236,-0.009 -0.22046,0.0312 -0.19623,0.0812 -0.25759,0.25331 -0.15944,0.37501 0.098,0.12166 0.23971,0.21184 0.41139,0.18749 0.17169,-0.0244 0.33347,-0.22676 0.47244,-0.21874 0.13898,0.008 0.27309,0.21663 0.82084,0.0625 0.54774,-0.15416 0.86503,-0.10755 0.94682,-0.15625 0.0818,-0.0486 -0.0959,-0.14123 -0.53738,-0.125 -0.44148,0.0162 -1.27876,0.043 -1.67122,-0.0625 -0.004,-0.0202 -0.0149,-0.0747 -0.063,-0.0937 z m -1.07275,0.21875 c -0.23222,0.009 -0.58172,0.10147 -0.82086,0.15625 -0.31884,0.073 -1.45361,0.25446 -1.64168,0.34374 -0.14716,0.073 -0.33705,0.35829 -0.37794,0.43945 -0.0409,0.0811 0.22381,0.15082 0.34645,0.0937 0.12261,-0.0568 0.17312,-0.17005 0.4429,-0.21875 0.26979,-0.0487 0.6001,-0.0272 0.82084,-0.18945 0.22072,-0.16227 0.21538,-0.13302 0.5669,-0.125 0.35156,0.008 0.50703,-0.21752 0.69487,-0.24999 0.18804,-0.0325 0.36166,-0.12947 0.15748,-0.21875 -0.0511,-0.0224 -0.11177,-0.0346 -0.18897,-0.0312 z m 8.88558,0.39061 c -0.12145,0.005 -0.23836,0.0232 -0.33858,0.0508 -0.40087,0.11035 -1.15842,0.26452 -1.69288,0.375 -0.53449,0.11035 -1.19913,0.095 -1.62596,0 -0.065,-0.0145 -0.13115,-0.009 -0.19685,-0.0176 -0.0418,0.1069 -0.12617,0.2445 -0.17322,0.33789 -0.10236,0.20312 0.50394,0.60937 0.14173,0.48437 -0.33778,-0.11657 -0.46713,-0.37192 -0.21062,-0.84179 -0.27626,-0.01 -0.55202,-6e-4 -0.81101,0.0117 -0.55753,0.0265 -1.14803,0.11214 -1.48818,0.22461 -0.3794,0.12548 -0.976,0.3888 -1.64954,0.73438 -0.32491,0.16621 -1.19017,0.57769 -1.53344,0.86718 -0.0389,0.0328 -0.0681,0.0759 -0.0965,0.10742 -0.31284,0.37256 -0.49366,0.75049 -0.69486,1.0957 l -2.52355,2.25389 -0.44092,-0.0625 c -0.31994,0.32919 -0.40376,0.59825 -1.07275,0.375 -0.4236,-0.14135 -0.46844,-0.35612 -0.28542,-0.84375 -0.28373,-0.0153 -0.47221,-0.2835 -0.56692,-0.18946 -1.23128,1.5039 -0.85296,4.50948 -1.42126,6.10737 -0.56828,1.4099 -1.70215,3.00489 -2.74406,4.13279 -0.37884,0.46995 -0.66223,1.03459 -1.13584,1.31639 -0.28415,0.188 -0.85212,-0.0947 -0.94683,0.28126 -0.25824,0.38725 -0.31703,1.21449 1.4507,2.44139 0.47105,0.32692 1.34416,1.02739 2.08261,1.09769 0.41026,0.0391 0.94682,-0.12696 0.94682,-0.12696 0,0 0.30539,0.31336 -0.53542,0.40821 -0.81897,0.0924 -1.02326,-0.39575 -1.32673,-0.0312 -0.33479,0.40238 -0.71885,0.4212 -1.23027,0.5625 -0.35145,0.0971 -0.49258,-0.50977 -0.94682,-0.37501 -0.46613,0.13829 0.18897,0.56446 0.18897,0.56446 0,0 -1.07255,-0.38036 -1.32482,0.125 -0.13499,0.27047 0.34701,0.56449 0.82085,0.78319 0.47383,0.21871 0.87218,0.36031 0.97832,0.90625 0.0161,0.0829 -0.96918,0.22324 -1.23028,-0.15625 -0.29096,-0.42284 -1.23158,-1.73819 -1.5157,-1.78519 -0.94882,0.19502 -1.54482,-0.0824 -2.1456,-0.0937 -0.50731,-0.01 -0.94242,0.13492 -1.16729,0.62695 -0.15438,0.3378 0.42129,0.94907 0.75786,1.09569 0.35357,0.1541 1.3096,0.34956 1.41925,0.53321 0.28369,0.47534 0.91464,0.45324 1.19873,0.40625 0.18943,0 0.0645,-0.40576 0.25392,-0.59376 0.37887,-0.28197 0.75695,0.37476 1.13584,0.46876 0.30656,0.14492 0.39678,-0.19667 1.1043,0.375 0.069,0.0686 0.17975,0.0976 0.29921,0.12107 0.0497,0.10956 0.068,0.15404 0.1181,0.25978 l 0.43897,-0.0684 0.15551,0.28711 0.0591,-0.002 c 0.0936,0.0899 0.21655,0.11467 0.3799,0.0605 0.30539,0 0.0938,-0.46252 -0.008,-0.89257 0.11001,0.002 0.22719,0.0422 0.29332,0.084 0.13493,0.0852 0.40549,0.0849 0.40549,-0.0977 0,-0.0831 0.197,-0.19295 0.40747,-0.28907 -0.0501,0.10921 -0.097,0.21637 -0.0571,0.25587 0.66686,0.55148 1.03899,0.005 1.40544,-0.41016 l 0.0177,0.20117 0.43699,-0.53906 0.40944,0.17188 0.22046,0.46874 -0.20471,0.35938 c 0,0 -0.3622,-0.32817 -0.40945,-0.0312 -0.0472,0.29687 0.3622,0.20312 0.55116,0.17185 0.18897,-0.0312 0.44095,-0.1406 0.55118,0.20314 0.0129,0.0401 0.008,0.0988 0.0118,0.14844 l 0.69683,-0.50781 0.15748,-0.51562 0.44093,0.0781 0.20472,0.5156 -0.22834,0.41603 c 0.13372,0.39552 0.27938,0.80755 0.44683,1.1426 l 0.50589,-0.10547 0.20473,0.3125 -0.0571,0.38477 c 0.30786,0.0516 0.62692,0.0952 0.95863,0.13866 l 0.38582,-0.0449 0.55511,-0.42187 0.43503,0.51562 h -0.002 l -0.0177,0.51757 0.73819,0.36915 0.0433,0.19727 0.8228,0.0215 0.0374,0.41016 0.3996,-0.17188 c 0.0728,0.0787 0.15221,0.14361 0.22046,0.23242 0.0947,0.188 -0.37791,0.37452 -0.47242,0.56249 -0.10799,0.32147 -0.30453,0.61306 -0.4744,0.90821 l 0.12598,0.26757 -0.39172,0.36719 c -0.004,0.0187 -0.0145,0.0358 -0.0177,0.0547 0,0.18798 0.47443,0.0932 0.37992,0.28125 -0.0787,0.23413 -0.40743,0.34781 -0.57479,0.59179 l 0.0472,0.0605 -0.4232,0.16797 c 0,0 -0.17364,0.47354 0.0433,0.65429 0.21687,0.18076 0.29526,0.13762 0.29526,0.31837 0,0.18074 -0.0344,0.33421 -0.17321,0.4375 -0.13879,0.10329 0.48489,0.20659 0.56297,0.01 0.0781,-0.19795 0.34712,-0.069 0.42519,0.0859 0.0781,0.15492 0.50457,0.095 0.58265,0.0176 0.0781,-0.0775 0.24271,0.30213 0.36417,0.18163 0.11744,-0.11652 0.69315,-0.0109 0.73226,-0.004 l 0.0177,0.0156 h 0.0236 c -0.0175,-0.0261 -0.0234,-0.0482 -0.0394,-0.0742 l -0.2067,-0.66211 c 0.16291,-0.2965 0.72765,-0.32728 0.81494,-0.67382 0.28414,-1.97429 -1.84839,-0.87346 -1.23028,-2.37889 0.28414,-0.094 0.0941,0.3125 0.28346,0.3125 l 1.79921,-1.59769 c 0.0947,-0.46996 -1.13675,0.0957 -0.75785,-0.65626 0.28414,-0.65796 0.94614,-1.12719 1.23027,-1.78519 0.51428,-1.2476 -0.0435,-2.28559 -0.68895,-3.14259 l 0.10039,-0.375 c 0,0 -0.61416,-0.20313 -0.59842,-0.53125 0.0158,-0.3281 0.063,-0.42188 0.063,-0.42188 l -0.59841,-0.26562 0.31496,-0.3125 -0.25,-0.43164 c -0.0412,-0.14302 -0.0747,-0.28225 0.0492,-0.34374 0.47356,-0.28197 1.0399,5e-4 1.60822,-0.1875 0.18944,-0.094 -0.18941,-0.65844 0,-0.56445 0.56828,0.188 0.94722,0.84569 1.61024,0.84569 0.43794,0.0621 1.69157,-0.28756 2.58069,-0.72069 l 0.11811,0.13672 c 0,0 0.31855,-0.23371 0.5551,-0.54297 0.11668,-0.096 0.20838,-0.19142 0.24802,-0.2832 0.0165,-0.0382 4e-4,-0.0689 0.002,-0.10352 0.008,-0.0312 0.0158,-0.0666 0.004,-0.0996 -0.0212,-0.0614 -0.0673,-0.11648 -0.12597,-0.16797 -0.0283,-0.0248 -0.0621,-0.0473 -0.0965,-0.0703 -0.0847,-0.0672 -0.17078,-0.13345 -0.3189,-0.23242 -0.77162,-0.51561 -0.25192,-0.51561 -0.0787,-0.8125 0.0121,-0.0208 0.009,-0.0224 0.0197,-0.041 0.16885,-0.10368 0.33603,-0.20655 0.50393,-0.30273 0.21721,0.001 0.44288,-0.0162 0.46848,-0.10938 0.0175,-0.0636 0.0784,-0.16386 0.1378,-0.25781 0.43859,-0.26812 0.83657,-0.55091 1.11215,-0.92772 0.13584,-0.0461 0.18197,-0.13773 0.1378,-0.26173 0.22967,-0.428 0.34034,-0.95428 0.22244,-1.6856 -0.0183,-0.25394 -0.16547,-0.43658 -0.38188,-0.5781 -0.0541,-0.1224 -0.14177,-0.33594 -0.14174,-0.33594 l -0.16337,0.18359 c -0.0136,-0.006 -0.0314,-0.008 -0.0453,-0.0137 l -0.14172,0.22461 -1.92711,-0.76172 0.0846,-0.17187 c -0.17522,-0.16339 -0.22819,-0.37845 -0.0295,-0.70703 0.0947,-0.28197 0.56888,4.9e-4 0.56888,-0.18749 0.0947,-0.28198 -0.37816,-0.56373 -0.28346,-0.84571 0,-0.18799 0.28301,-0.1875 0.47243,-0.1875 0.66298,0 1.23068,0.28125 1.89364,0.28125 0.56827,0 0.33644,-0.84433 0.30511,-1.58399 v -0.002 c 0.0838,-0.48755 0.18482,-1.0206 0.46259,-1.3574 0.40085,-0.48613 0.5573,-1.12699 0.69092,-1.54689 0.0589,-0.18506 0.0616,-0.35682 0.0453,-0.53125 v -0.002 c -1.7e-4,-0.002 -0.002,-0.004 -0.002,-0.006 -0.0214,-0.21878 -0.0733,-0.4428 -0.11023,-0.69922 -0.0668,-0.46403 -0.24424,-0.22006 0.0453,-0.5957 0.21823,-0.28314 0.0999,-0.75504 0.0197,-1.0195 -0.0873,0.0337 -0.18403,0.0536 -0.30903,0.0254 -0.14419,-0.0325 -0.23588,-0.11244 -0.30905,-0.20312 l -0.002,-0.002 c -0.18045,-0.11702 -0.33929,-0.29644 -0.49014,-0.49805 -0.29527,-0.0352 -0.82214,-0.42574 -1.02558,-0.66796 -0.22266,-0.26517 -0.0902,-0.86118 -0.24607,-1.1484 -0.11692,-0.21544 -0.52146,-0.30747 -0.88579,-0.29297 z m -12.35821,1.0801 c -0.28612,-0.0568 -1.54735,0.80844 -1.70266,0.97071 -0.0572,0.089 0.007,0.0597 0.0315,0.18944 0.0246,0.12979 0.18173,-0.12698 0.37794,-0.12695 0.19621,0 0.46377,-0.26733 0.53739,-0.43749 0.0736,-0.17035 0.17236,-0.19339 0.40943,-0.25 0.23708,-0.0568 0.3424,-0.18852 0.5059,-0.15626 0.16351,0.0325 0.12669,-0.13263 -0.15946,-0.18945 z m -1.7342,1.41019 c -0.14716,-0.0162 -0.50536,0.55421 -0.94683,1.252 -0.13079,0.21093 -0.26709,0.26396 -0.28345,0.78319 -0.0163,0.51925 0.25505,0.26984 0.59841,0.15625 0.34336,-0.11359 0.26063,-0.22896 0.50589,-0.375 0.24526,-0.14601 0.39308,-0.40097 0.40944,-0.59569 0.0163,-0.19472 0.11205,-0.52598 0.063,-0.7207 -0.0491,-0.19472 -0.19929,-0.48378 -0.34645,-0.5 z m 3.83253,1.5488 c 0,0 -0.0354,0.29606 -0.0472,0.39256 -0.0303,0.25006 0.18036,0.78387 0.15944,0.97071 -0.074,0.66056 -0.34817,0.43774 -0.44291,1.09569 0,0.42298 0.35028,0.33963 1.13584,0.50195 0.35489,0.0734 1.0399,-0.30873 1.32472,0 0.26062,0.28262 0.019,0.29587 -0.44093,0.46875 -0.42908,0.16124 -0.59867,1.1584 -0.40944,1.81639 0.0947,0.32898 0.23448,0.59122 0.47243,0.5957 0.36057,0.007 0.95151,0.0475 1.21849,0.10937 0.5133,-0.0847 0.67715,-0.0796 0.85233,-0.17382 0.18898,-0.10156 0.40944,-0.28125 0.40944,-0.28125 l 0.25983,0.21875 c 0,0 -0.42518,0.25011 -0.62202,0.26561 -0.19685,0.0156 -0.30707,-0.0467 -0.55117,0.0235 -0.21584,0.0622 -0.27658,0.24062 -0.28543,0.33789 0.0474,0.0831 0.13882,0.1453 0.1693,0.21875 0.0597,0.14362 0.13632,0.63201 -0.22047,1.19139 -0.0939,0.1472 -0.22935,0.27447 -0.50393,0.5 -0.55018,0.38638 -0.98258,0.57541 -1.19873,0.75195 -0.37737,0.3083 -0.52662,0.51882 -0.60038,0.75195 -0.11768,0.37196 -0.37232,0.40205 -0.88383,0.46875 -0.27232,0.0355 -0.45701,0.0125 -0.56691,-0.15626 -0.19393,-0.29784 -0.53229,-0.31568 -0.63187,-0.43749 -0.17269,-0.21121 -0.71026,-0.20382 -0.82085,-0.22071 -0.15424,-0.0236 -0.0928,-0.13641 -0.18897,-0.25 l -1.23028,-0.53319 c -0.31402,-0.13316 1.29347,-0.84372 1.16729,-1.4082 -0.10088,-0.45087 -1.0405,-1.28339 -0.56691,-1.94139 0.5941,-0.37488 0.50766,0.33383 0.85037,0.24999 0.34272,-0.0839 1.2578,-0.81935 1.16729,-1.22069 -0.0808,-0.0779 -0.17735,-0.31103 -0.53542,-0.28125 -0.47118,0.0392 -0.50941,-0.24983 -0.63188,-0.40822 -0.24492,-0.31675 0.0466,-0.73864 0.0315,-0.93944 -0.0155,-0.21008 -0.14172,-0.64061 -0.14172,-0.64061 l 2.30313,-2.03709 z m 1.57869,5.96087 c -0.0525,-0.005 -0.13571,0.002 -0.2992,0.006 -0.32682,0.008 -0.72971,0.48255 -0.85234,0.53125 -0.12262,0.0487 -0.24215,-0.006 -0.34841,0.15625 -0.10623,0.16227 -0.1028,0.20203 -0.0945,0.2832 0.008,0.0812 -0.40944,0.28125 -0.40944,0.28125 0,0 -2.02536,1.1546 -2.08261,1.252 -0.0571,0.0973 0.0945,0.5332 0.0945,0.5332 0.0491,0.10551 0.0897,0.0557 0.22046,0.0312 0.13081,-0.0244 0.2794,0.006 0.4429,0.0625 0.16351,0.0568 0.44187,0.22086 0.62992,0.375 0.18802,0.15416 0.45557,0.474 0.53738,0.5957 0.0818,0.12166 0.43203,0.0254 0.72635,-0.0312 0.29431,-0.0568 0.29499,-0.0748 0.40943,-0.375 0.11451,-0.30021 0.081,-0.43464 0.0315,-0.56446 -0.0491,-0.12977 0.20051,-0.23619 0.31495,-0.18749 0.11445,0.0487 0.27481,-0.0114 0.34842,-0.125 0.0735,-0.11359 0.74527,-0.46948 0.81887,-0.50195 0.055,-0.0243 0.13588,0.0143 0.4114,-0.15625 0.56716,-0.54163 0.70589,-1.1481 0.56692,-1.47269 -0.13898,-0.32452 -0.32286,-0.34375 -0.53542,-0.34375 -0.21256,0 -0.74744,-0.19196 -0.82084,-0.28126 -0.0368,-0.0446 -0.0577,-0.0628 -0.11024,-0.0684 z m -13.1927,8.32226 c -0.0287,-0.003 -0.0623,10e-4 -0.10827,0.0117 -0.092,0.0213 -0.2214,0.0661 -0.40944,0.12695 -0.37606,0.12166 -0.53494,0.12947 -0.60037,0.21875 -0.0654,0.0893 0.0298,0.29384 0.12794,0.375 0.0981,0.0812 0.13295,0.0117 0.15748,-0.0937 0.0246,-0.10545 0.19448,-0.10755 0.47243,-0.15625 0.27797,-0.0487 0.33543,0.14903 0.4744,0.34375 0.13889,0.1947 -0.0736,0.2853 0,0.43945 0.0737,0.15415 0.0745,0.26021 0.18896,0.40624 0.11446,0.14605 0.37312,0.0925 0.50393,0.125 0.1308,0.0325 0.29981,0.16267 0.28346,0.25196 -0.008,0.0447 -0.088,0.0574 -0.15748,0.0625 0.12774,-0.0101 0.26955,0.0219 0.37991,0.0625 0.22073,0.0812 0.23534,0.1908 0.47243,0.3125 0.23708,0.1217 0.72971,-0.0601 0.85234,-0.125 0.12268,-0.0649 0.0315,-0.28126 0.0315,-0.28126 l 0.28346,0.0313 v -0.15821 c 0,0 -0.50727,0.0521 -0.62991,-0.0937 -0.12262,-0.14601 -0.21877,-0.067 -0.31691,-0.15625 -0.0982,-0.0893 -0.56692,-0.65624 -0.56692,-0.65624 -0.0654,-0.0649 -0.0675,-0.0795 -0.15747,-0.0957 -0.09,-0.0162 -0.31303,-0.2509 -0.63187,-0.4375 -0.31884,-0.18661 -0.45245,-0.35517 -0.56692,-0.46875 -0.0286,-0.0284 -0.054,-0.0415 -0.0827,-0.0449 z m 0.93304,2.11129 c -0.0694,0.005 -0.14807,0 -0.18897,0 -0.0818,0 -0.18897,0.12499 -0.18897,0.12499 -0.002,-0.0131 -0.0211,-0.0354 -0.0945,-0.0312 -0.14715,0.008 -0.0381,-0.1388 -0.28345,-0.1875 -0.24525,-0.0487 -0.16397,-0.16962 -0.25394,-0.28322 -0.09,-0.11357 -0.20049,-0.36566 -0.31495,-0.40623 -0.11446,-0.0406 -0.3755,0.0591 -0.44093,-0.0625 -0.0654,-0.12174 -0.20944,-0.0545 -0.34841,-0.0625 -0.13898,-0.008 -0.0998,-0.0614 -0.59841,-0.0937 -0.49869,-0.0325 -0.6749,0.17908 -0.78935,0.40624 -0.11444,0.22717 0.14206,0.46949 0.34645,0.50196 0.20438,0.0325 0.43808,-0.20898 0.56888,-0.31446 0.13079,-0.10547 0.14939,0.082 0.15747,0.1875 0.008,0.10542 0.14327,-0.0177 0.31496,0.0957 0.17167,0.11357 0.15823,0.40144 0.19093,0.53125 0.0328,0.12982 0.2892,0.0152 0.34645,0.0312 0.0573,0.0162 -0.0541,0.24198 0.34645,0.25 0.4006,0.008 0.71216,-0.17458 0.88384,-0.3125 0.17175,-0.13792 -0.0352,-0.18385 0.063,-0.28125 0.0491,-0.0487 0.15571,-0.0836 0.28345,-0.0937 z m -5.09234,3.04879 c -0.24963,0.039 -0.68843,0.1129 -1.30506,0.2539 l 0.0551,0.10938 c -0.10228,1.31949 0.44409,1.45419 1.17908,1.40819 -0.0136,-0.18459 0.0101,-0.35673 0.1811,-0.38672 0.32309,-0.0566 0.96068,0.13543 1.33852,0.33789 0.17799,0.0252 0.35287,0.0673 0.51968,0.14453 0.18942,0.094 -0.18942,0.46828 0,0.65624 0.71777,0.47488 1.35081,0.10877 1.91722,-0.37889 0.2801,0.0182 0.4934,0.0978 0.74014,-0.0762 0.082,-0.0579 0.14601,-0.11756 0.21259,-0.17774 0.004,0.002 0.008,0.004 0.0118,0.006 l 0.27755,-0.19336 0.52164,-0.54687 c -0.0386,-0.0293 -0.005,-0.017 -0.0649,-0.084 -0.15747,-0.17499 -0.24895,-0.24149 -0.42716,-0.23437 -0.0617,-0.13174 -0.29243,-0.20798 -0.66336,-0.12891 -0.41676,0.0888 -0.66315,-0.2987 -0.75786,-0.34569 -0.43196,-0.21434 -0.8197,0.62694 -1.29327,0.62694 -1.23401,-0.21095 -0.71341,-0.40897 -1.57869,-0.68944 -0.33426,-0.1084 -0.61852,-0.2141 -0.86415,-0.30078 z5:["$","path",null,{"d":"$18"}]
19:T739,m 276.3891,336.02965 c -0.39436,-0.0649 -0.37071,0.41944 -0.62991,0.57618 -0.39982,0.075 -0.57292,0.42936 -0.54526,0.81445 0.061,0.3582 -0.30145,0.42782 -0.46455,0.64452 0.15861,0.23298 0.0253,0.45165 -0.24605,0.50977 -0.0636,0.13046 -0.19553,0.30565 -0.26575,0.47461 -0.0702,0.16894 -0.0776,0.33138 0.1122,0.43555 -0.12993,0.20948 -0.31905,0.45496 -0.29329,0.74608 -0.0467,0.22074 0.064,0.29166 0.19684,0.35156 0.13284,0.0599 0.28732,0.11001 0.32479,0.28906 0.0279,0.33142 0.18032,0.56984 0.46653,0.73047 -0.10543,0.17189 -0.19096,0.37763 0.0394,0.5371 0.21749,0.32656 -0.2856,0.59808 -0.25984,0.93945 0.0616,0.22578 -0.14782,0.3851 -0.28739,0.5664 0.12524,0.0367 0.25576,0.076 0.24211,0.23829 -0.0173,0.20658 0.93734,0.31087 0.95469,0.60351 0.0145,0.24388 0.37941,0.21667 0.68504,0.18359 0.17322,-0.0816 0.34281,-0.14322 0.50983,-0.16992 0.0444,-0.0576 0.0806,-0.12042 0.15747,-0.23828 0.19082,-0.29263 1.16215,-0.086 1.19682,0.18945 0.008,0.0664 0.13658,0.19025 0.23817,0.30078 0.15199,-0.18587 0.3371,-0.27923 0.26968,-0.46876 -0.13361,-0.37565 -0.12157,-0.84987 0.14567,-1.01559 0.26726,-0.16573 0.14466,-0.41965 0.32282,-0.64063 0.17818,-0.22097 -0.0675,-0.45292 0.37794,-0.70703 0.22272,-0.12706 0.30171,-0.3227 0.32678,-0.53125 0.0251,-0.20853 -0.003,-0.43063 0.008,-0.60741 0.0222,-0.35356 -0.0676,-0.32085 -0.4685,-0.26563 -0.40087,0.0552 -0.25495,-0.0766 -0.46652,-0.375 -0.21157,-0.2983 -0.34606,0.16672 -0.50195,-0.17578 -0.15589,-0.34249 -0.45624,-0.31063 -0.57872,-0.73045 -0.12249,-0.41984 -0.12183,-0.65218 -0.37795,-0.55274 -0.25611,0.0994 -0.30123,-0.61708 -0.33463,-0.93751 -0.004,-0.0323 -0.21655,-0.52537 -0.0355,-0.65818 0.1811,-0.13281 0.28342,-0.18751 0.0866,-0.42188 -0.15844,-0.18865 -0.0589,-0.23876 -0.10826,-0.3457 -0.10699,-0.23326 -0.24044,-0.13047 -0.38384,0.004 -0.30826,0.1673 -0.21047,-0.23896 -0.41338,-0.29298 z6:["$","path",null,{"d":"$19"}]
1a:T5620,m 296.66696,276.70992 c -0.0215,-0.008 -0.0358,0.008 -0.063,0.0312 -0.0363,0.0305 -0.10171,0.10802 -0.15748,0.21875 -0.22316,0.44283 -0.49535,0.76305 -0.85235,2.75589 -0.0222,0.46498 0.19817,0.78979 0.22047,0.50195 0.0224,-0.28786 0.11745,-1.0169 0.20669,-1.2383 0.0893,-0.2214 0.19549,-0.17715 0.44093,0 0.24542,0.17713 0.27357,-0.0168 0.74211,-0.17189 0.46855,-0.15497 0.55643,-0.34374 0.37794,-0.34374 -0.1785,0 -0.68038,0.14239 -1.10429,0.0312 -0.42393,-0.11069 -0.0988,-0.70626 -0.0315,-1.12699 0.0544,-0.34182 0.39667,-0.42946 0.44093,-0.47071 -0.10039,-0.0248 -0.15667,-0.16407 -0.22046,-0.18749 z m 1.61013,1.78519 c 0,0.65798 0.0938,1.4085 0.37794,2.06639 0.10728,0.21297 0.82496,1.0491 1.4508,1.7852 -0.24543,0.68639 -0.10628,0.70892 -0.44094,0.90819 -0.33468,0.19931 -0.27437,0.80213 0.28346,0.625 0.47412,-0.15057 0.61678,-0.29696 0.85234,-0.68751 0.0914,0.12153 0.22046,0.28297 0.22046,0.31251 -0.30644,1.2821 -1.77975,0.78374 -2.83849,1.2207 0.0719,0.0875 0.81076,0.18441 0.47243,0.56445 -0.0947,0.18796 -0.85255,-0.12545 -0.75785,0.0625 0.0751,0.61659 0.1008,1.0749 1.70467,0.7207 0.2587,0.26426 0.22302,0.33168 0.34645,0.25 0.1183,-0.0783 0.33831,-0.33612 0.53737,-0.5957 0.0556,0.0107 0.12685,-0.003 0.15749,0.0312 -0.68717,0.79647 -1.15691,0.8964 -1.04131,2.19339 0.15896,0.0914 0.2644,0.0957 0.40944,0.0625 0.29006,-0.0664 0.38643,0.16009 0.63187,0.62499 0.24543,0.46503 0.13128,0.64391 -0.31496,0.53322 -0.40357,-0.10011 -0.45813,-0.13613 -0.66336,0 0.10742,0.42414 0.26134,0.80386 0.40944,1.09569 -0.18942,1.31589 1.95603,0.78319 2.24004,0.78319 1.7214,0.18236 1.27593,1.74599 2.36804,2.16019 0.30053,0.69682 -0.16063,1.40879 2.4921,2.06639 -2.61053,-0.3913 -2.42992,-1.0313 -2.90351,-1.78319 -0.93434,-0.77066 -0.81927,-1.7551 -1.48224,-2.03709 -0.85242,-0.37598 -1.86189,0.40868 -2.80896,0.2207 -0.37883,0 -0.85164,-0.002 -1.13585,-0.18945 -0.2841,-0.094 -0.32633,-0.7759 -0.47242,-0.65625 -1.99987,1.63859 -1.3737,3.06358 -0.94682,4.35158 -1.30053,-0.32711 -1.82249,-1.67059 -2.27159,-0.5625 -0.59318,1.46359 0.85269,0.14341 0.31495,1.91019 -0.0977,0.32124 -0.53668,0.55473 -1.00986,-0.25195 -0.14045,-0.003 -0.60811,-0.11235 -0.56691,-0.43749 0.0412,-0.32514 0.80815,-0.52867 0.44092,-1.1582 -0.47654,-0.81696 -0.75769,-1.02039 -0.69485,-1.50389 -0.0947,-0.094 -0.37772,-0.18749 -0.47243,-0.18749 -1.96167,-0.0605 -2.30454,0.15551 -3.2499,0.4375 -0.49587,-0.13287 -1.7351,-0.25039 -2.20859,0.0312 -0.27408,0.13602 -0.70485,0.55906 -1.07275,1.09759 0.32211,0.32799 0.51379,0.45214 0.34645,0.46876 -0.2231,0.0221 -0.3504,0.0417 -0.28347,0.21875 0.0565,0.14924 -0.0795,0.0501 -0.3799,-0.125 -0.47056,0.8477 -0.77235,1.79789 -0.37794,2.28709 0.38589,0.0586 1.02407,0.2225 1.54724,0.21875 0.0671,0.18167 0.49862,0.41718 0.18898,1.00199 0.0799,0.67436 -0.16519,1.597 -0.48424,2.49019 0.0145,0.16912 0.0118,0.33609 -0.0453,0.51563 -0.13362,0.41984 -0.29006,1.06069 -0.69092,1.54689 -0.27738,0.33639 -0.37885,0.86835 -0.46259,1.3555 0.0275,0.74538 0.26886,1.60739 -0.3051,1.60739 -0.66301,0 -1.23068,-0.2832 -1.89364,-0.2832 -0.18941,0 -0.47243,0.002 -0.47243,0.18945 -0.0947,0.28199 0.37815,0.56373 0.28346,0.8457 0,0.18799 -0.47418,-0.0945 -0.56888,0.1875 -0.19639,0.32481 -0.14634,0.53823 0.0236,0.70117 l -0.0787,0.1582 1.9271,0.76172 0.13189,-0.20898 c 0.0133,0.005 0.0302,0.008 0.0433,0.0137 l 0.17519,-0.19922 c 0,0 0.0909,0.22293 0.15158,0.36133 0.21131,0.1407 0.35399,0.32192 0.37203,0.57224 0.11712,0.72642 0.01,1.2511 -0.21653,1.6778 0.036,0.11479 -0.008,0.20041 -0.13189,0.24609 -0.27925,0.39138 -0.68523,0.68532 -1.13776,0.96093 -0.0492,0.0828 -0.10844,0.17192 -0.124,0.22851 -0.0239,0.0868 -0.23437,0.10978 -0.43897,0.11133 -0.18224,0.10432 -0.36374,0.21701 -0.54723,0.33008 -0.003,0.006 -0.002,0.006 -0.006,0.0117 -0.17319,0.29689 -0.6929,0.29689 0.0787,0.8125 0.3488,0.23308 0.48734,0.3558 0.53147,0.45897 0.002,0.004 0.008,0.007 0.01,0.0117 v 0.002 c 0.0112,0.0318 0.006,0.0656 -0.002,0.0957 0.002,0.041 0.016,0.0788 -0.004,0.125 -0.0442,0.10231 -0.15694,0.20923 -0.29527,0.3164 -0.23026,0.27779 -0.50788,0.49024 -0.50786,0.49024 l -0.10629,-0.12305 c -0.88974,0.43589 -2.15256,0.78892 -2.59248,0.72656 -0.663,0 -1.04192,-0.6577 -1.61024,-0.8457 -0.1894,-0.094 0.18944,0.47045 0,0.56446 -0.56826,0.18799 -1.13463,-0.0945 -1.60822,0.1875 -0.11465,0.0569 -0.092,0.18082 -0.0551,0.31249 l 0.25591,0.44335 -0.31496,0.3125 0.59842,0.26562 c 0,0 -0.0472,0.0938 -0.063,0.42188 -0.0157,0.32812 0.59842,0.53125 0.59842,0.53125 l -0.10433,0.38867 c 0.64727,0.85809 1.2083,1.89819 0.69289,3.14839 -0.28412,0.65796 -0.94614,1.12719 -1.23028,1.78519 -0.37886,0.75195 0.85259,0.1863 0.75785,0.65626 l -1.7992,1.59769 c -0.18943,0 0.0696,-0.42018 -0.21457,-0.32617 -0.85238,1.3836 1.46783,0.45149 1.16135,2.39259 -0.0947,0.37598 -0.75764,0.37599 -0.85234,0.75195 -0.0211,0.0628 0.0828,0.27004 0.17716,0.46485 0.15374,0.17931 0.30604,0.42359 0.45078,0.43749 0.48811,0.0469 0.2992,0.14066 0.55116,0.60937 0.25196,0.46876 0.55116,0.57814 0.88186,0.625 0.3307,0.0469 0.28343,0.28129 -0.11022,0.62499 -0.3937,0.34375 -0.40945,0.78126 -0.17323,0.98438 0.23621,0.20313 0.80312,-1e-5 1.07083,0.48438 0.26771,0.48432 -0.15747,1.14059 0.11024,1.40619 0.26767,0.26562 0.15747,0.70304 -0.17323,0.67188 -0.3307,-0.0312 -0.48817,-0.0156 -0.50393,0.20312 -0.0157,0.21876 -0.31494,0.39063 -0.72438,0.57813 -0.20471,0.0937 -0.19684,0.26561 -0.16141,0.42771 0.0354,0.16212 0.0984,0.3145 0.004,0.36915 -0.13958,0.0808 -0.42976,0.26674 -0.62794,0.39258 0.0143,0.028 -0.01,0.031 0.0217,0.0684 0.1968,0.23437 0.0946,0.28907 -0.0866,0.42188 -0.18112,0.13281 0.0314,0.62592 0.0354,0.65818 0.0334,0.32044 0.0786,1.0369 0.33463,0.93751 0.25612,-0.0994 0.25545,0.1329 0.37794,0.55274 0.12249,0.41976 0.42284,0.38797 0.57873,0.73045 0.15588,0.34251 0.29038,-0.12247 0.50195,0.17578 0.21156,0.29841 0.0657,0.43022 0.46652,0.375 0.40084,-0.0552 0.4907,-0.088 0.4685,0.26563 -0.0111,0.17678 0.0173,0.39887 -0.008,0.60741 -0.0251,0.20855 -0.10406,0.40419 -0.32677,0.53125 -0.44547,0.25411 -0.19977,0.48606 -0.37795,0.70703 -0.17817,0.22099 -0.0555,0.4749 -0.32282,0.64063 -0.26723,0.16573 -0.27928,0.63995 -0.14567,1.01559 0.0675,0.18953 -0.11769,0.28289 -0.26968,0.46876 0.0557,0.0606 0.0646,0.0997 0.13189,0.16406 0.0102,0.0202 0.0143,0.0382 0.0256,0.0586 0.18944,0.282 0.75718,10e-4 1.04131,0.28321 0.75769,0.46998 1.22997,2.62839 2.17714,3.56838 1.13655,1.2219 -0.75872,-2.63238 2.08262,-0.0937 0.18942,0.188 -0.18989,0.5638 -0.0945,0.8457 0.1894,0.28198 3.21926,-0.93841 3.69285,-0.5625 0.28415,0.28199 0.0938,0.84499 0.37794,1.127 0.37886,0.28199 6.05786,0.93969 5.67901,1.59759 -1.04181,1.78589 -2.93313,2.91019 -3.69083,4.41408 -0.28416,0.65792 -0.3797,2.72509 -0.47439,3.28909 l -1.32482,2.16019 c -0.18939,0.46995 -0.37816,0.93823 -0.28345,1.40819 0,0.006 0.006,0.008 0.006,0.0137 0.54044,0.52145 0.88425,0.72287 0.7677,0.91211 -0.12249,0.19889 -0.44487,0.56226 -0.44487,0.8164 0,0.25411 -0.33435,0.39822 -0.16732,0.65234 0.16702,0.25412 -0.51157,0.5851 -0.37794,0.86132 0.13361,0.27619 0.21157,0.61875 0,0.77344 -0.21153,0.15465 -0.21247,0.12174 -0.17913,0.48632 0.0333,0.36461 0.45668,0.58602 0.45668,0.65235 0,0.0348 0.044,0.12007 0.0925,0.27147 l 0.0689,0.27539 c 0.007,0.04 0.0101,0.0914 0.0157,0.13672 0.005,0.004 0.0166,0.006 0.0217,0.01 l 0.42519,-0.41211 0.45667,0.006 -0.21258,0.082 0.13976,0.26562 -0.34448,0.13282 -0.01,0.0371 c 0.0206,9.1e-4 0.0334,0.005 0.0551,0.006 0.0212,0.0951 0.1741,0.13829 0.51377,0.15431 0.25198,0.0119 0.4332,-0.0942 0.58069,-0.21875 0.35373,-0.0442 0.63748,-0.089 1.00588,-0.15234 0.10251,0.25783 0.25096,0.49302 0.4606,0.43359 0.44096,-0.12497 0.94487,0.0312 1.57476,-0.5 0.12345,-0.1041 0.21358,-0.21842 0.30117,-0.33203 0.1797,-0.002 0.2461,0.0148 0.37794,0.0215 0.0883,0.25404 0.25889,0.66167 0.5807,0.61524 0.43306,-0.0625 0.3307,-0.10941 0.60628,0 0.27558,0.10936 0.49614,-0.0156 0.60628,-0.10938 0.11026,-0.0937 -0.44093,-0.0469 -0.23621,-0.25782 0.20475,-0.21093 0.52763,-0.43744 0.67713,-0.35154 0.14968,0.0859 0.38583,0.21092 0.2441,0.32811 -0.14174,0.11719 0.40943,0.0937 0.29921,-0.125 -0.11016,-0.21873 -0.27585,-0.16403 -0.0315,-0.37499 0.24404,-0.21091 0.37813,-0.23444 0.0236,-0.26563 -0.35435,-0.0312 -0.36218,-0.008 -0.51179,0.17188 -0.14959,0.17969 -0.58269,0.14055 -0.6614,0.0703 -0.0787,-0.0703 -0.66917,-0.17186 -0.37007,-0.57032 0.29922,-0.39841 0.39378,-0.95318 0.69289,-1.0234 0.0197,-0.005 0.0224,-0.005 0.0433,-0.008 0.29865,-0.0419 0.72834,0.0663 0.6181,-0.10155 -0.11815,-0.1797 -0.0944,-0.48436 0.16535,-0.24219 0.25983,0.2422 0.0944,0.64846 0.33857,0.59375 0.24399,-0.0547 -0.063,-0.41406 0.18897,-0.51562 0.25189,-0.10157 0.25197,0.60156 0.4488,0.5 0.19685,-0.10157 0.1497,-0.0702 0.27558,0.10155 0.126,0.17187 -0.1734,0.18749 -0.0315,0.35939 0.14162,0.17186 -0.25198,0.0703 -0.22835,0.26562 0.0235,0.19531 0.33072,-10e-6 0.44092,0.17969 0.11027,0.17967 0.33072,0.20323 0.26773,0.0781 -0.063,-0.12499 0.16451,-0.12499 0.008,-0.28906 -0.15749,-0.16404 -0.14951,-0.14061 -0.0551,-0.27344 0.0944,-0.1328 0.19683,0.0312 0.3622,0.125 0.16533,0.0937 0.0944,0.12499 0.29132,0.12499 0.15948,0 0.0259,0.0441 -0.10235,0.23634 0.0988,0.15082 0.0821,0.31411 0.35038,0.44727 0,0 3.12372,-0.1875 3.21845,-0.1875 1.04181,0.28197 1.70417,1.31349 2.74598,1.68939 1.5154,0.46993 1.42006,-1.2217 1.89364,-0.84571 0.1894,0.18798 -3.6e-4,0.65773 0.18897,0.84571 0.37886,0.094 0.75717,-0.37549 1.04131,-0.1875 0.37886,0.18799 0.56809,0.65748 0.94682,0.93945 0.47357,0.37597 -0.18934,0.75122 0,1.03319 0.0947,0.18799 0.37756,0.28126 0.56691,0.28126 0.18946,0 0.47419,-0.37526 0.56889,-0.28126 0.28414,0.37599 -0.75866,0.94043 -0.37992,1.3164 0.663,0.65796 2.46257,-1.5029 2.46257,-1.8789 0.15191,-0.52758 -0.0576,-1.42639 0.0965,-1.66019 0.83661,0.69742 3.32065,-0.65626 3.68891,0.53125 0.0947,0.188 -0.47264,0.0952 -0.37794,0.28319 0.0947,0.18799 0.5667,0.18703 0.66139,0.37501 0.18946,0.188 0.002,0.65769 0.19095,0.8457 0.37887,0.18797 3.59609,-0.65793 3.69083,-0.75195 0.18941,-0.18796 -0.18896,-0.65797 0.0945,-0.75195 0.37883,-0.28199 0.85145,0.18753 1.23027,-0.0937 0.37886,-0.18797 0.19002,-0.84523 0.56888,-1.0332 1.23129,-0.46998 3.40612,0.0948 4.73214,-0.28124 0.28403,-0.094 -0.75664,-1.5974 0.37991,-1.6914 0.18941,0 -0.18945,0.56421 0,0.6582 0.47356,0.18799 1.03989,-0.28243 1.60822,-0.0937 0.28413,0.094 0.19002,0.75169 0.56888,0.84571 0.75769,0.094 1.41945,-0.56446 2.17715,-0.56446 1.42066,0.094 -0.94818,1.59739 2.08261,2.44339 0.18941,0 0.37794,-0.2827 0.37794,-0.4707 0.85242,-3.10179 -0.18844,-1.69089 -1.23028,-2.63089 -0.47355,-0.37599 0.85256,-1.50169 0.75786,-1.59569 0,-0.094 -2.27158,-3.19529 -2.27158,-3.19529 0.0947,-1.50389 4.10022,-2.44168 4.95265,-3.09958 0.94715,-0.75194 0.37943,-1.78469 0.56889,-2.72459 0.0947,-0.18802 0.283,-0.28125 0.47243,-0.28125 1.98898,0.46996 2.55681,1.0339 2.65154,-1.50389 0.0947,-2.44379 -4.00608,-3.85088 -5.52148,-4.88478 -0.663,-0.56398 -0.75824,-1.59599 -1.42127,-2.25389 -0.71432,-0.70888 -1.60368,0.01 -2.17714,-0.43944 -0.16635,-0.13037 0.23029,-0.32826 0.15747,-0.46874 -0.27269,-0.52617 -0.59165,-0.59707 -1.00986,-0.62696 -0.98479,-2.51329 -0.94405,-3.15379 -2.27158,-4.00778 0.18939,-1.034 1.41995,-0.56298 1.13584,-1.8789 -0.0947,-0.56393 -0.75742,-0.6892 -0.94682,-0.7832 -0.66983,-0.43206 -1.28894,-1.1068 -1.76575,-1.78519 5e-4,-0.21173 -0.013,-0.41954 0,-0.5625 0.0334,-0.36534 -0.33083,-0.5208 -0.56888,-0.68945 -0.23802,-0.16864 -0.27859,-0.26653 -0.31495,-0.375 0.0486,-0.0359 0.14831,-0.0805 0.22047,-0.12501 0.25495,-0.15704 -0.32906,-0.42321 -0.0315,-0.62693 0.38016,-0.26066 0.66928,0.32211 0.94682,0.68944 0.37886,0.28199 0.37759,1.5967 0.56692,1.2207 0.75771,-1.50389 1.13604,-3.28809 3.50387,-3.66408 0.28414,0 1.32381,0.84494 1.70266,0.37499 0.28415,-0.28197 10e-4,-0.84522 0.28542,-1.03319 0.28416,-0.28198 0.85165,0.18748 1.13584,-0.0938 0.56826,-0.37597 0.69283,-1.50149 1.54523,-1.68939 0.28415,-0.094 0.47393,0.56298 0.66337,0.37499 0.47356,-0.37597 0.28426,-1.12789 0.75786,-1.50389 0.56825,-0.46993 1.60832,0.0948 2.36602,-0.28125 0.18944,-0.094 -3.5e-4,-0.56421 0.18897,-0.65819 1.13654,-0.65796 2.74517,-0.74951 3.88182,-1.6895 0.37874,-0.28196 -1.32522,-0.65894 -1.13585,-1.12889 0.15931,-0.4455 0.31763,-0.88393 0.53542,-0.8125 0.29755,0.0976 0.4329,0.45528 0.64172,0.44336 0.20885,-0.0119 0.23829,-0.14723 0.3484,-0.1543 0.0701,-0.005 0.12385,0.0964 0.17718,0.14844 0.0777,0.009 0.14108,0.0131 0.22045,0.0312 0.76978,0.17712 0.78147,0.24947 0.70865,0.58789 -0.0727,0.33838 -0.0477,0.4843 0.0492,0.50781 0.097,0.0238 0.1978,-0.0926 0.31496,-0.15625 0.3514,-0.19098 0.23733,0.18563 0.0315,0.56444 0.0184,0.0209 0.0447,0.0421 0.063,0.0625 -0.0926,0.44634 0.28089,0.53985 0.63187,0.59375 0.18616,0.1231 0.3739,0.19369 0.53738,0.15625 0.5683,-0.094 0.56816,-1.40449 1.26183,-3.66208 0.27032,-0.87982 0.68267,-1.4338 0.063,-2.69339 -0.3581,-0.72781 -0.0935,-1.35539 -0.94683,-1.91019 -0.37886,-0.37598 -1.23139,-0.18809 -1.61014,-0.75195 -0.28415,-0.37601 0.87121,-0.62824 0.19094,-1.40819 -0.23132,-0.31225 -0.69299,-0.81969 -0.78936,-1.3476 -0.082,-0.44937 -0.63259,-0.39147 -0.3484,-0.81445 1.3104,-1.3389 0.59483,-1.4076 0.94682,-2.81839 -0.0947,-0.18797 -0.47219,-0.093 -0.56691,-0.375 -0.0947,-0.46996 0.28415,-1.12769 0,-1.59759 -0.18945,-0.56397 -0.8741,-0.41859 -1.13584,-1.2207 -0.42625,-0.51696 -0.0515,-1.07419 0.12598,-1.44139 0.17744,-0.36721 0.31368,-0.54433 0.15746,-1.47069 -0.11713,-0.69528 -1.22534,-1.2505 -2.08261,-1.97259 -0.7951,-0.66971 -1.70417,-0.46933 -1.89364,-1.0332 -0.16574,-0.44649 0.34648,-0.24638 0.22046,-1.28519 -0.0589,-0.48494 0.63647,-0.83587 0.97833,-1.2207 0.36147,-0.40702 0.51265,-1.20639 0.66337,-1.72269 0.15072,-0.51631 0.29147,-0.75055 0.22046,-1.31439 -0.18944,-0.93995 -1.32431,-3.63089 -1.51378,-5.13478 -0.18671,0.0138 0.16202,-0.59665 -0.12597,-0.68945 -0.28807,-0.0928 -0.85624,0.39995 -1.45271,0.0625 -0.75494,-0.44146 -1.17979,-0.76272 -1.41925,-1.00199 0.0802,-0.0198 0.20939,-0.0625 0.25196,-0.0625 0.24543,0 0.14038,-0.39392 0.25196,-0.2832 0.11155,0.11071 -0.1687,0.22984 0.0315,0.25195 0.2008,0.0222 0.40877,-0.27535 0.63187,-0.4082 0.22311,-0.13285 0.29327,0.0442 0.69486,0 0.40163,-0.0443 0.62989,0.0312 0.62989,0.0312 l -0.063,-0.43751 -0.0945,-0.15624 0.22047,-0.15625 c 0,0 0.042,-0.008 -0.31495,-0.25195 -0.35698,-0.24356 -0.3313,-0.31043 -0.97832,-0.90819 -0.64707,-0.59788 -0.75459,-0.47146 -0.59841,-0.25 0.15618,0.22134 0.40547,0.44194 0.47243,0.75195 0.067,0.30996 -0.0368,0.53909 -0.12598,0.40624 -0.0893,-0.13284 -0.28346,-0.21874 -0.28346,-0.21874 0,0 -0.0531,-0.19662 -0.25392,-0.21875 -0.20083,-0.0221 -0.43047,0.19787 -0.25196,0.37499 0.17851,0.17713 0.22888,0.68284 0.0945,0.9707 -0.0524,0.11269 -0.30197,0.20196 -0.56691,0.25195 -0.20743,-0.59245 1.28964,-0.52239 -0.60039,-1.78519 -0.67123,-0.44851 1.57708,-0.62526 0.94683,-0.8457 -0.80326,-1.36699 -1.2848,-1.26879 -1.16728,-0.72071 -0.75769,-0.18797 -1.89213,0.15419 -2.01963,0.75195 -0.4062,-0.76946 -1.13644,-1.22139 -1.70467,-1.69139 -0.28414,-0.37597 -0.94616,-0.18847 -1.23027,-0.56445 -0.37885,-0.56398 0.002,-1.87889 -0.6614,-1.87889 -0.0474,0 -0.0949,-0.009 -0.12598,-0.0312 -0.0115,0.0158 -0.0195,0.0509 -0.0315,0.0625 -0.24544,0.23251 -0.19549,0.0969 -0.4744,0.25195 -0.27892,0.15499 -0.2277,0.2968 -0.28347,0.5625 -0.0558,0.26572 -0.43181,0.2396 -0.44289,0.0625 -0.0111,-0.17718 -0.0846,-0.27213 -0.25196,-0.25 -0.16733,0.0222 -0.43305,0.0118 -0.56692,-0.1875 -0.13389,-0.19934 -0.0235,-0.16607 -0.19093,0 -0.16734,0.16607 -0.33067,0.28965 -0.59841,0.5 -0.26776,0.21036 -0.25521,-0.33535 -0.37794,-0.125 -0.12271,0.21034 -0.008,0.35084 -0.25393,0.43945 -0.24532,0.0886 -0.17591,0.22908 -0.22046,0.40625 -0.0446,0.17712 -0.2737,0.0377 -0.44093,0.31445 -0.0112,0.13283 0.11015,0.26629 0.37794,0.34375 0.26766,0.0775 -0.13772,0.0684 -0.47244,-0.0312 -0.33459,-0.0996 -0.0683,-0.17572 -0.19094,-0.4082 -0.12271,-0.23251 0.0348,-0.19589 0.19094,-0.40625 0.1562,-0.21037 0.1149,-0.0781 0.12598,-0.34375 0.0112,-0.26572 -0.0119,-0.24411 0.18897,-0.37695 0.20084,-0.13285 0.47306,-0.0237 0.85235,-0.15625 0.37929,-0.13289 0.04,-0.0416 0.25196,-0.21875 0.21196,-0.17715 0.24929,-0.0827 0.47243,-0.0937 0.2231,-0.0111 0.15681,-0.12501 0.3799,-0.12501 0.22312,0 0.351,0.0664 0.62991,0 0.2789,-0.0663 0.44353,-0.0718 0.78934,-0.0937 0.0706,-0.005 0.12417,-0.10826 0.18897,-0.25196 -0.0483,10e-4 -0.0917,-0.013 -0.15747,0 -1.20347,-0.0439 -2.87156,-0.50049 -3.06093,-0.31249 -0.5683,0.65797 -0.66199,1.68969 -1.23028,2.34769 -0.56279,0.43109 -0.77488,0.61811 -1.3878,1.2539 -0.0947,0.094 -1.57093,0.60905 -1.95663,0.65625 -0.94217,0.11533 -1.16779,-0.0178 -1.48416,0.0644 -0.85242,0.46989 -1.13463,2.81769 -1.60822,3.09959 -1.03495,-1.3357 -0.75095,0.54382 -1.98807,-1.4102 -0.75771,0 -1.29347,0.81468 -2.05117,0.7207 -0.17533,-0.16377 0.25069,-0.59998 -0.72636,-0.56445 -0.35834,0.013 -0.25544,-0.8719 0.31692,-0.97069 0.73838,-0.12759 1.21194,-0.88002 1.8622,-1.4395 -0.0383,-1.36249 -0.21938,-1.87599 0.15747,-2.41208 -0.39096,0.0323 -0.46826,0.25075 -0.91534,0.0937 -0.45495,-0.15934 -1.50502,0.91531 -1.64168,0.9707 -0.69669,-0.21061 -2.68168,-1.68969 -3.2499,-1.59569 -0.663,0.094 -1.32472,1.53319 -1.32482,1.53319 0,0 0.47269,-1.21919 0.37795,-1.78319 -0.0947,-0.84594 -1.76394,0.15832 -2.46056,0.0312 -0.51272,-0.66924 0.68388,0.20065 1.23028,-1.0664 0.18943,-0.46999 0.28415,-1.03199 0,-1.50199 -0.0947,-0.18796 -0.56668,0.18801 -0.6614,0 -0.1894,-0.094 0.18853,-0.3142 0.37794,-0.40819 0,0 0.18897,0.094 0.18897,0 0,-0.28198 -0.0938,-0.65574 -0.37794,-0.84375 -0.23678,-0.14098 -0.33115,-0.21844 -0.78934,0 -0.27999,-0.4228 -0.68956,-0.67245 -1.07286,-0.62694 -0.51124,-0.15156 -0.68307,-0.35539 -0.88383,-0.59571 -0.37885,0.094 -0.56797,0.56373 -0.94682,0.84571 -0.18942,0.094 -0.18989,5.7e-4 -0.0945,-0.28126 -1.23129,-0.18799 -2.45955,-0.84519 -3.69084,-1.0332 -0.28415,0 -1.41965,0.094 -2.08261,0 z m -0.63187,1.6602 c -0.5578,0.0223 -1.2854,0.3332 -0.88383,0.68749 0.62472,0.26569 0.85887,0.39457 1.1043,0.0625 0.24543,-0.33213 0.33732,-0.77214 -0.22047,-0.74999 z m 35.1194,0.46874 c -0.44622,0.0664 -0.85885,-0.001 -1.1043,0.375 -0.24543,0.3764 -0.2775,0.64267 -0.0315,0.37695 0.24545,-0.2657 0.60504,-0.26712 0.31496,0.375 -0.29005,0.64215 -0.0992,0.45119 0.19094,0.25196 0.29005,-0.1993 0.31101,-0.24408 0.37793,-0.37696 0.0669,-0.13285 0.0918,-0.0118 0.31496,0.18749 0.22314,0.19929 0.34575,0.3548 0.56888,0.37697 0.22313,0.0222 0.22048,-0.0457 0.22048,0.375 0,0.42069 0.0566,0.41337 -0.18897,0.50194 -0.24544,0.0886 -0.33529,0.0762 -0.37992,-0.18945 -0.0447,-0.26572 0.0932,-0.22003 -0.063,-0.37499 -0.15616,-0.15501 0.0342,-0.16433 -0.18897,-0.0312 -0.2231,0.13286 -0.27823,0.16158 -0.18897,-0.28125 0.0893,-0.44286 -0.0472,-0.40385 -0.31496,-0.0937 -0.26773,0.30998 -0.0722,0.20694 -0.0945,0.40625 -0.0222,0.19925 0.0119,0.0299 -0.18897,-0.125 -0.20078,-0.15501 -0.56624,0.0221 -0.78935,0 -0.2231,-0.0222 -0.0315,0.082 -0.0315,0.28125 0,0.19928 0.15874,0.15623 0.31495,0.15624 0.15618,0 0.25592,-0.006 0.18897,0.12695 -0.067,0.13284 -0.0839,0.112 0.0945,0.15625 0.17848,0.0443 0.28601,-0.11857 0.063,0.125 -0.2231,0.24357 -0.47369,0.34499 -0.6299,0.49999 -0.15618,0.15502 0.0511,0.18946 0.25195,0.18946 0.20084,0 0.14042,0.0286 0.25197,0.25 0.11157,0.22145 0.30666,0.375 -0.0945,0.375 -0.40161,0 -0.59445,-0.15374 -0.66139,0.15625 -0.067,0.30998 0.0957,0.47195 0.25196,0.62695 0.78093,0.66427 0.90351,0.68427 1.1043,0.5957 0.2008,-0.0886 0.0683,-0.11468 0.15747,0.0625 0.0893,0.17715 0.33261,0.4141 0.60039,0.28126 0.26771,-0.13285 -0.33873,-0.50052 0.063,-0.87695 0.40159,-0.37643 1.00449,-0.80015 1.45069,-0.68945 0.44623,0.1107 0.62338,0.36517 0.37794,0.56445 -0.24544,0.19924 0.36284,0.51893 0.4744,0.0312 0.11156,-0.48715 0.26642,-0.46536 -0.15748,-0.9082 -0.42392,-0.44283 -0.82735,-0.15141 -1.07275,-0.9707 -0.24542,-0.81926 0.56295,-0.36896 0.6299,-1.03319 0.067,-0.66427 -0.34044,-0.67515 -1.00986,-0.56447 -0.66935,0.11073 -1.08192,0.09 -1.10429,-0.375 -0.0223,-0.46498 0.0198,-0.30661 0.22046,-0.43944 0.20082,-0.13286 0.25726,-0.44144 -0.18897,-0.375 z m -34.04604,2.0039 c -0.11435,-0.006 -0.36019,0.084 -0.69486,0.24999 -0.20079,0.13285 -0.18251,0.13857 0.063,0.47069 0.24543,0.33215 0.43109,0.0568 0.63187,-0.40819 0.10039,-0.23249 0.11437,-0.30696 0,-0.31249 z m 17.3541,0.31249 c -0.54656,0.12326 -0.64497,0.93076 -0.56691,1.0664 0.0893,0.15502 0.16272,0.0899 0.25197,0.15625 0.42394,-0.15497 0.4337,-0.19353 0.41141,0.0937 -0.0223,0.28786 0.16004,0.64982 0.47243,0.40625 0.31235,-0.24357 0.49011,-0.24482 0.75785,-0.15625 0.26773,0.0886 0.55515,0.23197 0.22046,-0.34375 -0.33468,-0.57572 -0.51238,-1.112 -1.29327,-1.2226 -0.0977,-0.0138 -0.17586,-0.0176 -0.25394,0 z m 15.27289,0.0957 c -0.16418,0.0176 -0.32575,0.20498 -0.44289,0.4375 -0.15619,0.30997 0.20398,0.0965 0.69486,-0.12501 0.0446,-0.0886 0.12811,-0.095 -0.0945,-0.24999 -0.0557,-0.0388 -0.10274,-0.0684 -0.15748,-0.0625 z m -12.02158,6.13668 c -0.0212,-0.0111 -0.0759,0.006 -0.15945,0.0312 -0.33469,0.0996 -1.04202,0.25052 -0.81889,0.62694 0.22315,0.37641 0.34451,0.40421 0.37794,0.0937 0.0334,-0.30998 0.11727,-0.41088 0.0945,-0.15625 -0.0223,0.25463 -0.0272,0.80117 0.25196,-0.0625 0.14225,-0.30722 0.31719,-0.49997 0.25394,-0.53319 z m -28.17635,3.02728 c -0.0864,0.0111 -0.11417,0.0455 -0.11417,0.12304 0,0.15501 0.19943,0.0443 0.44487,0.0664 0.46856,-0.11062 0.60239,-0.15558 0.13385,-0.17773 -0.23426,-0.0111 -0.37808,-0.0228 -0.46455,-0.0117 z m -1.34245,0.18945 c -0.31233,0.0223 -0.31163,-0.0444 -0.42321,0.19922 -0.11152,0.2436 0.26834,0.28715 0.31299,0.1543 0.0446,-0.13279 -0.11162,-0.17641 0.53542,-0.1543 0.64705,0.0221 0.40037,-0.19919 -0.4252,-0.19922 z m -2.16334,0.28711 c -1.11559,0 -0.5362,0.33208 0.0886,0.26563 0.75858,-0.0886 1.02709,-0.26563 -0.0886,-0.26563 z m -1.49605,0.50782 c -0.25551,-0.005 -0.57933,9.8e-4 -0.95863,0.0234 -0.66935,0.11071 0.0438,0.13344 1.0925,0.11133 0.78651,-0.0166 0.63279,-0.12129 -0.13385,-0.13476 z m -1.7342,0.69335 c -0.18406,-0.0111 -0.51894,0.0273 -0.94289,0.12695 -0.20077,0.13284 0.0452,0.37755 0.37991,0.48828 0.33467,0.11071 0.24535,-0.24406 0.60235,-0.44336 0.17851,-0.0996 0.14489,-0.16082 -0.0394,-0.17187 z7:["$","path",null,{"d":"$1a"}]
1b:T2ac5,m 296.04209,366.05952 c -0.11073,-0.008 -0.10231,0.19727 -0.0138,0.33202 0.11032,0.1679 -0.31944,0.0596 -0.61811,0.10158 -0.021,0.003 -0.0237,0.003 -0.0433,0.008 -0.29919,0.0703 -0.39369,0.625 -0.6929,1.0234 -0.29919,0.39845 0.29136,0.50006 0.37007,0.57032 0.0787,0.0704 0.51181,0.10939 0.66139,-0.0703 0.14962,-0.17987 0.15747,-0.20308 0.51181,-0.17188 0.35435,0.0312 0.2203,0.0547 -0.0236,0.26563 -0.24414,0.21093 -0.0786,0.15625 0.0314,0.37499 0.11022,0.21869 -0.44096,0.24218 -0.29921,0.12499 0.14172,-0.11719 -0.0944,-0.24221 -0.24409,-0.32811 -0.1496,-0.0859 -0.47241,0.14062 -0.67715,0.35155 -0.20472,0.21091 0.34645,0.16411 0.23621,0.25782 -0.11021,0.0938 -0.3307,0.21875 -0.60628,0.10936 -0.27558,-0.10936 -0.17321,-0.0625 -0.60628,0 -0.32462,0.0469 -0.49584,-0.36901 -0.58265,-0.62108 -0.13084,-0.006 -0.20138,-0.0177 -0.37401,-0.0176 -0.0879,0.11434 -0.17893,0.22921 -0.30314,0.33398 -0.62991,0.5312 -1.13383,0.37501 -1.57476,0.49999 -0.21152,0.06 -0.36204,-0.17879 -0.46456,-0.43945 -0.36471,0.0629 -0.64283,0.10807 -0.99407,0.15236 -0.14828,0.12765 -0.33228,0.23672 -0.58857,0.2246 -0.34353,-0.0162 -0.49359,-0.0607 -0.51179,-0.1582 -0.0212,-6.2e-4 -0.0365,-0.003 -0.0571,-0.004 l 0.0101,-0.0352 0.34448,-0.13281 -0.13976,-0.26564 0.21259,-0.082 -0.45668,-0.006 -0.44289,0.42774 -0.14174,0.13867 -0.47439,-0.0742 -0.25787,0.38282 c 0.0358,0.0452 0.0876,0.10774 0.10433,0.13672 0.12598,0.21876 -0.31497,0.39062 -0.31495,0.39062 l -0.3307,-0.30469 c -0.0612,0.0531 -0.13789,0.13523 -0.19488,0.18165 l 0.30511,0.31054 -0.42518,0.4375 -0.61417,-0.20312 c 0,0 -0.50391,0.28094 -0.67714,0.0937 -0.17325,-0.18751 -0.22046,0.1095 -0.34645,-0.0469 -0.12597,-0.15625 -0.20488,-0.15623 -0.0787,-0.35937 9.4e-4,-9.8e-4 7.8e-4,-0.004 0.002,-0.006 -0.16363,-0.16252 -0.33705,-0.33565 -0.56299,-0.47266 -0.20146,0.13958 -0.30297,0.18343 -0.41533,0.0724 -0.14173,-0.14062 -0.48817,-0.48438 -0.61416,-0.0625 -0.0465,0.1558 -0.16767,0.26032 -0.29723,0.34374 0.0416,0.076 0.0768,0.14767 0.0768,0.20313 0,0.094 -0.18897,0 -0.18897,0 -0.28414,0.37598 -1.07134,0.74878 -0.88186,1.21879 0.0947,0.46998 1.54321,-0.46996 1.54321,0 -0.0879,1.2211 -0.49967,0.43114 -0.93697,0.60938 0.111,0.25047 0.23875,0.67338 -0.11614,0.8418 -0.51221,0.24305 -0.31081,0.79453 -0.95666,0.9492 -0.11026,0.0265 -0.25133,0.0381 -0.37991,0.0605 -0.3358,0.54944 -0.6557,1.071 -0.9488,1.32029 -0.55699,0.64492 -1.83085,0.39038 -2.23812,1.0879 l 0.0256,0.0293 c 0,0 0.15574,0.24164 0.28936,0.6836 0.13362,0.44192 -0.35629,0.79685 -0.35629,0.79685 l 0.17716,0.2422 c 0,0 0.0448,0.0675 -0.22243,0.31053 -0.26724,0.24307 -0.82339,0.55102 -1.15741,0.6836 -0.33406,0.1326 -1.06983,0.95055 -1.24802,0.97266 -0.17818,0.022 -0.60037,0.4414 -0.60037,0.4414 l 0.42321,0.46483 -0.84643,0.88476 0.22243,0.26367 -0.23227,0.20899 c 0.006,0.0124 0.0116,0.0247 0.0178,0.0371 l 0.86021,0.72656 -0.43503,0.43164 c 0.003,0.0215 0.0122,0.0448 0.0138,0.0664 -0.0426,0.0534 -0.11714,0.13356 -0.13583,0.16601 -0.17816,0.30935 -0.0206,0.64025 0.22441,0.79491 0,0 -0.7802,-0.0662 -1.18109,0.0664 -0.40086,0.13258 -0.62291,0.33031 -0.37794,0.46289 0.24496,0.13258 -0.15697,0.35471 -0.24605,0.66406 -0.0891,0.30936 0.66849,-0.17764 0.98029,-0.0449 0.31178,0.13259 1.06922,0.0892 1.26968,-0.30859 0.20045,-0.39775 0.66766,-0.22118 0.86809,-0.48633 0.20043,-0.26517 0.2671,-0.37634 -0.067,-0.39845 -0.17115,-0.0113 -0.28531,-0.25384 -0.36022,-0.49413 l 0.0709,0.0156 c -0.0181,-0.20244 -0.0494,-0.36692 0.10433,-0.51952 0.85241,-1.3159 3.49299,-1.314 4.72428,-0.75001 0.37885,0.094 -0.37819,0.65554 -0.28346,0.9375 0,0.46997 0.56668,0.65503 0.6614,1.12499 0.0947,0.56395 -1.22967,0.49757 -0.6614,1.43749 0.18941,0.18799 0.75564,-0.0945 0.85036,0.1875 0.18944,0.28198 -0.28368,0.74926 -0.18896,1.0312 0.0947,0.18798 0.4722,-0.37549 0.56691,-0.18751 0.47355,0.46999 0.50301,1.12359 0.88186,1.68749 0.005,-0.003 0.007,-0.003 0.0118,-0.006 0.20641,0.36872 0.49214,0.5615 0.82084,0.64454 0.72251,-0.54603 1.36745,-0.93408 1.66537,-0.60157 0.35632,0.39775 1.15791,-0.26486 1.42519,-0.57421 0,0 0.23424,-0.29094 0.58069,-0.25976 0.34644,0.0312 0.64569,0.0156 0.9921,0.39061 0.061,0.0661 0.0918,0.10867 0.12598,0.15429 0.0727,0.0435 0.14821,0.074 0.22047,0.12306 0.0796,-0.0316 0.19506,-0.0512 0.39369,-0.0117 0.2221,0.0441 0.40481,0.0765 0.71061,0.13281 0.013,-0.0504 0.019,-0.0903 0.0334,-0.14061 0.0592,-0.20551 0.13184,-0.40047 0.21652,-0.50978 0.22274,-0.28719 0.6796,0.24286 0.94683,-0.0996 0.0669,-0.0856 0.0934,-0.18897 0.10039,-0.29883 0.014,-0.21972 -0.0506,-0.4651 -0.0256,-0.64063 0.0126,-0.0878 0.0481,-0.15779 0.12598,-0.19921 0.15525,-0.0825 0.35282,-0.16577 0.5925,-0.27734 0.23788,-0.11079 0.51875,-0.25009 0.84249,-0.44532 v -0.002 c 0.0137,-0.0353 0.0473,-0.0856 0.0473,-0.10937 0.011,-0.0545 0.006,-0.10468 -0.006,-0.15234 -0.0855,-0.30988 -0.5782,-0.48932 -0.64959,-0.74806 -0.0126,-0.0377 -0.0132,-0.0774 -0.006,-0.11913 v -0.002 c 8.1e-4,-0.004 -10e-4,-0.008 0,-0.0117 0.0869,-0.25862 0.29796,-0.43324 0.54132,-0.58789 0.28677,-0.19039 0.61957,-0.35113 0.87596,-0.55469 0.18745,-0.14882 0.3547,-0.29703 0.5236,-0.4453 -0.0161,-0.009 -0.0358,-0.015 -0.0512,-0.0233 -0.3621,-0.20313 -0.47274,-0.31251 -0.0944,-0.51563 0.37794,-0.20315 1.11387,-0.32403 1.18896,-0.33203 0.0838,-0.009 0.14385,-0.0403 0.23425,0.0176 0.18926,0.56394 0.0944,1.1274 0.0944,1.69139 0,0.28198 -0.2837,0.65723 -0.18897,1.0332 0.663,1.22189 2.17654,1.50289 3.21845,1.87889 9.7e-4,0 0.003,0.002 0.004,0.002 0.005,0.002 0.0109,0.004 0.0158,0.006 0.0947,0 0.28346,0.18701 0.28346,0.37499 -0.0511,0.20285 -0.26177,0.37778 -0.43503,0.55469 0.21978,0.16703 0.4317,0.34175 0.56692,0.49805 0.54048,0.6248 -0.006,1.4473 0.32479,1.666 0.0826,0.0547 0.16043,0.11036 0.23818,0.15234 0.0782,0.0424 0.155,0.0704 0.23425,0.0704 0.0787,0 0.15847,-0.0283 0.24408,-0.0996 0.0856,-0.0712 0.17716,-0.18536 0.27559,-0.35741 0.39369,-0.68747 0.14174,-0.875 -0.22047,-0.98437 -0.36219,-0.10939 0.15748,-0.62498 -0.15747,-0.95313 -0.31495,-0.32806 0.0787,-0.54697 0.37794,-0.59373 0.0754,-0.0118 0.11264,-0.0546 0.12992,-0.11525 0.0175,-0.0598 0.0135,-0.13574 0.0101,-0.21484 -0.0101,-0.15818 -0.0294,-0.32601 0.0807,-0.38866 0.22046,-0.12498 0.55117,-0.43753 0.72439,-0.51563 0.17323,-0.0781 0.66139,-0.8438 0.85037,-1.32809 0.14194,-0.36387 0.31875,-0.64729 0.35826,-1.0312 0.0133,-0.12767 0.0118,-0.26563 -0.0118,-0.42188 -0.007,-0.0434 -9.6e-4,-0.0784 0,-0.11718 -0.0322,-0.19493 -0.0447,-0.38538 -0.0374,-0.56445 2.9e-4,-0.009 0.003,-0.015 0.004,-0.0234 0.008,-0.14886 0.0305,-0.28854 0.0866,-0.40039 0.006,-0.0129 0.0148,-0.0229 0.0217,-0.0352 0.0233,-0.0398 0.0469,-0.0792 0.0787,-0.11133 0.0778,-0.0828 0.19256,-0.13094 0.33268,-0.15431 l 0.46652,0.57814 0.3248,-0.30273 c 0.0854,0.13861 0.13286,0.2472 0.18502,0.34179 0.0269,0.12398 0.0503,0.19876 0.0651,0.28906 0.063,0.39061 -0.22046,0.625 -0.22046,0.625 0,0 0.23621,0.0937 0.47242,0.23437 0.23623,0.14064 0.0315,0.59374 0.59842,0.82812 0.56691,0.23437 0.91335,-0.0625 0.91335,-0.0625 l 0.31495,0.23438 0.29921,-0.34376 -0.25196,-0.24999 0.29921,-0.25 0.2992,0.25 1.06096,-0.56055 c 0.18956,0.0273 0.2677,0.0252 0.54526,0.0763 0.0661,0.008 0.11992,0.032 0.16929,0.0625 l 0.17519,0.32422 -0.17323,0.17578 c 0,0 0.26298,0.12796 0.18504,0.33789 -0.0779,0.20991 0.0716,0.19901 0.34448,0.25977 0.27281,0.0608 0.18457,0.45291 0.1122,0.51367 -0.0725,0.0608 -0.007,0.1702 0.34448,0.14258 0.35075,-0.0276 0.42357,0.0946 0.624,-0.14844 0.20043,-0.24306 0.2344,-0.32095 -0.0611,-0.68554 -0.29507,-0.3646 -0.57926,-0.61352 -0.32872,-0.7793 0.25054,-0.16572 0.17221,-0.28688 0.35039,-0.34766 0.17816,-0.0608 0.22335,-0.15987 0.0118,-0.38078 -0.21156,-0.22096 -0.25127,-0.22153 -0.43502,-0.13866 -0.15894,0.0718 -0.25061,0.13653 -0.39763,0.008 l 0.0178,-0.0215 c -0.35717,-0.2084 -0.49574,-0.93742 0.006,-1.83789 l 0.0101,-0.002 c 0.0798,-0.12707 0.19722,-0.25361 0.374,-0.3789 0.21725,-0.15572 0.39456,-0.24676 0.54526,-0.28906 0.32933,-0.10307 0.52556,0.0315 0.69486,0.24218 v 0.49024 l 0.78738,0.43749 0.25196,-0.20313 0.88187,0.20313 0.31495,-0.98437 -0.33071,-0.26562 -0.39959,-0.0273 c -0.20178,-0.21078 -0.3799,-0.39159 -0.3799,-0.44922 0.18941,-0.37597 0.47415,-0.65722 0.56888,-1.03319 0.1894,-0.37598 0.0942,-0.84473 0.18897,-1.2207 0.0107,0.005 0.009,0.003 0.0197,0.008 8.8e-4,-0.004 7.1e-4,-0.008 0.002,-0.0117 -0.0143,-0.007 -0.0171,0.007 -0.0314,0 -0.3976,-0.16912 0.18376,-0.60579 0.29134,-0.99023 l -0.54527,-0.13672 -0.16928,-0.43163 c -0.0549,-0.0104 -0.0809,-0.0263 -0.1437,-0.0352 -0.19059,-0.0344 -0.35028,0.0414 -0.50195,0.15235 l -0.11024,0.38086 c 0,0 -0.15616,0.0327 -0.10038,0.15429 0.0556,0.12152 0.044,0.18745 -0.30117,0.1543 -0.039,-0.004 -0.0611,-0.004 -0.0925,-0.006 -0.0953,0.13146 -0.19611,0.24544 -0.29921,0.36718 -0.009,0.34545 0.005,0.47788 -0.34251,0.40234 -0.0223,-0.005 -0.0429,-0.0262 -0.065,-0.0352 -0.27453,0.17379 -0.59632,0.23477 -1.02165,0.0235 -0.40095,-0.20641 -0.87166,-0.43353 -1.25981,-0.74999 -0.15019,-0.114 -0.37405,-0.1261 -0.40942,-0.1875 0.0268,-0.25038 -0.16843,-0.39176 0.0944,-0.75 -0.0441,-0.0964 -0.26847,-0.19244 -0.18896,-0.21875 0.0794,-0.0264 0.21556,-0.12114 0.0295,-0.15625 -0.18555,-0.035 -0.12599,0.0625 -0.12599,0.0625 -0.12253,-0.026 -0.33317,0.13661 -0.44092,-0.0937 -0.28151,-0.11516 -0.68193,-0.21097 -0.94486,-0.43749 -0.28695,-0.10939 -0.24927,0.28694 -0.69289,0 -0.10604,0.0614 -0.35643,0.16658 -0.40944,0 -0.053,-0.16656 -0.25307,-0.11506 -0.31495,-0.0625 -0.0619,0.0526 -0.44361,0.0339 -0.34645,-0.0625 0.0972,-0.0964 0.16974,-0.11354 0.34645,-0.21875 0.17658,-0.10517 0.0225,-0.32083 0.0314,-0.53125 0.009,-0.2104 -0.25583,-0.45462 -0.22047,-0.65624 0.0354,-0.20163 0.28574,-0.67337 0.40944,-0.875 -0.0598,-0.2392 0.19637,-0.17047 0.15748,-0.43749 0.0441,-0.0877 0.24929,-0.19852 0.34645,-0.3125 0.0971,-0.11395 0.0742,-0.29725 0.18897,-0.4375 0.11485,-0.14029 0.20238,-0.0774 0.44093,-0.15625 0.23854,-0.0789 0.0545,-0.20081 -0.15748,-0.4375 0.051,-0.16208 -0.007,-0.37179 0.15748,-0.5 -0.0197,-0.0163 -0.0688,-0.0312 -0.15748,-0.0312 -0.21204,0 -0.47242,-0.34375 -0.47242,-0.34375 -0.11894,-0.0862 -0.31496,-0.2696 -0.31496,-0.5625 v -0.0937 c -0.004,-0.006 0.004,-0.0255 0,-0.0312 -0.8524,-0.46996 -1.50955,-1.40579 -2.45662,-1.59379 -0.0947,0 -3.21251,0.1875 -3.21251,0.1875 -0.27879,-0.13834 -0.24609,-0.28763 -0.36022,-0.43164 0.1301,-0.20117 0.27051,-0.24804 0.10826,-0.24804 -0.19689,0 -0.12598,-0.0313 -0.29134,-0.125 -0.16534,-0.0938 -0.26775,-0.25783 -0.36219,-0.125 -0.0944,0.13281 -0.10238,0.10938 0.0551,0.27343 0.15728,0.16406 -0.0707,0.16406 -0.008,0.28907 0.063,0.125 -0.15748,0.10149 -0.26771,-0.0781 -0.11022,-0.17969 -0.41735,0.0156 -0.44094,-0.17969 -0.0235,-0.19533 0.37006,-0.0937 0.22836,-0.26562 -0.1418,-0.17189 0.15754,-0.18751 0.0314,-0.35938 -0.12597,-0.17186 -0.0787,-0.20314 -0.27557,-0.10156 -0.19684,0.10157 -0.19684,-0.60156 -0.44881,-0.5 -0.25197,0.10156 0.0551,0.46092 -0.18897,0.51562 -0.24414,0.0547 -0.0787,-0.35157 -0.33857,-0.59374 -0.0649,-0.0605 -0.11469,-0.0872 -0.15149,-0.0898 z8:["$","path",null,{"d":"$1b"}]
1c:T5561,m 327.27524,374.81948 c -0.0958,0.009 -0.22503,0.0245 -0.39763,0.041 -0.007,6.4e-4 -0.0149,0.009 -0.0217,0.01 -10e-4,4.9e-4 -0.003,0.002 -0.004,0.002 -0.12532,0.005 -0.24679,0.0274 -0.3681,0.0488 -0.14527,0.0255 -0.28832,0.0611 -0.42912,0.10546 -0.0635,0.0202 -0.12812,0.0335 -0.19094,0.0566 -10e-4,5e-4 -0.003,9.5e-4 -0.004,0.002 -0.0532,0.0196 -0.10465,0.0489 -0.15748,0.0704 -0.89828,0.36311 -1.74398,0.9544 -2.72824,1.0195 -0.42622,0.047 -1.465,-0.0231 -2.4921,-0.0351 -0.51404,-0.006 -1.02397,0.002 -1.45472,0.0469 -0.42954,0.0455 -0.77708,0.12855 -0.96651,0.26953 l -1.22836,2.53129 c -0.004,0.002 -0.008,0.004 -0.0118,0.006 -0.0903,0.0497 -0.17849,0.0905 -0.26378,0.12111 -0.81729,0.301 -1.3877,-0.2219 -1.87983,-0.70313 -0.21342,-0.20549 -0.42267,-0.40948 -0.61219,-0.5293 -0.0935,-0.0591 -0.18606,-0.0961 -0.27755,-0.10937 -1.13554,-0.1396 -0.67164,0.35424 -1.01772,0.28711 -0.11335,-0.0221 -0.30955,-0.10178 -0.68305,-0.28711 -0.0947,0.37597 4.3e-4,0.84471 -0.18897,1.2207 -0.0947,0.37598 -0.37945,0.65724 -0.56889,1.03319 0,0.058 0.17634,0.23714 0.37992,0.44922 l 0.39959,0.0273 0.3307,0.26563 -0.31496,0.98436 -0.88187,-0.20312 -0.25195,0.20312 -0.78737,-0.43748 v -0.43165 c -0.24841,-0.33135 -0.54357,-0.51099 -1.24016,-0.0117 -0.17677,0.12529 -0.29417,0.25183 -0.37401,0.3789 l -0.008,0.002 c -0.50078,0.90056 -0.36277,1.62959 -0.006,1.83789 l -0.0178,0.0215 c 0.14702,0.12986 0.2387,0.0643 0.39763,-0.008 0.18374,-0.0829 0.22346,-0.0823 0.43503,0.13867 0.21151,0.221 0.16637,0.32007 -0.0118,0.38086 -0.17818,0.0608 -0.0999,0.18195 -0.35039,0.34766 -0.25054,0.16573 0.0336,0.4147 0.32874,0.77929 0.29511,0.36461 0.26133,0.44249 0.0611,0.68555 -0.20044,0.24305 -0.27325,0.12082 -0.624,0.14843 -0.35125,0.0276 -0.41685,-0.0818 -0.34448,-0.14257 0.0724,-0.0608 0.16061,-0.45287 -0.1122,-0.51367 -0.27282,-0.0608 -0.42238,-0.0498 -0.34447,-0.25977 0.0778,-0.20993 -0.18505,-0.3379 -0.18505,-0.3379 l 0.17323,-0.17578 -0.16141,-0.29882 c -0.0522,-0.0349 -0.1099,-0.0631 -0.18307,-0.0722 -0.28918,-0.0531 -0.37467,-0.0526 -0.56888,-0.0801 l -1.03737,0.54882 -0.2992,-0.25 -0.29921,0.25 0.25196,0.25 -0.29921,0.34376 -0.31495,-0.23438 c 0,0 -0.34644,0.29684 -0.91335,0.0625 -0.56692,-0.23438 -0.36219,-0.68749 -0.59842,-0.82813 -0.23621,-0.14062 -0.47242,-0.23437 -0.47242,-0.23437 0,0 0.28345,-0.23438 0.22045,-0.625 -0.0129,-0.0799 -0.0342,-0.14809 -0.0571,-0.25584 -0.0575,-0.10011 -0.10964,-0.21561 -0.20275,-0.36524 l -0.31495,0.29297 -0.46259,-0.57423 c -0.56322,0.0758 -0.58964,0.68456 -0.49014,1.2852 -9.7e-4,0.0387 -0.007,0.0739 0,0.11718 0.0944,0.62499 -0.15749,0.96875 -0.34645,1.45309 -0.18897,0.48436 -0.67715,1.24999 -0.85037,1.32809 -0.17322,0.0781 -0.50393,0.39073 -0.72439,0.51564 -0.22046,0.125 0.0787,0.67158 -0.22046,0.71875 -0.29924,0.0469 -0.6929,0.26571 -0.37795,0.59374 0.31496,0.32813 -0.20472,0.84373 0.15748,0.95312 0.36221,0.10937 0.61416,0.29703 0.22047,0.98437 -0.39369,0.68751 -0.66139,0.45312 -0.99211,0.23437 -0.33122,-0.21873 0.21569,-1.0412 -0.32479,-1.666 -0.13846,-0.16007 -0.35722,-0.33927 -0.58266,-0.50976 0.17288,-0.17563 0.38247,-0.34996 0.43306,-0.55077 0,-0.188 -0.19071,-0.37501 -0.28542,-0.37501 -1.04181,-0.37598 -2.5554,-0.65699 -3.21846,-1.87889 -0.0947,-0.37598 0.18897,-0.75123 0.18897,-1.0332 0,-0.56395 0.0947,-1.12749 -0.0944,-1.69139 -0.0904,-0.0579 -0.15042,-0.0263 -0.23425,-0.0176 -0.075,0.008 -0.811,0.12867 -1.18895,0.33203 -0.37795,0.20312 -0.2674,0.31249 0.0944,0.51561 0.0194,0.0109 0.0443,0.0187 0.065,0.0293 -0.1729,0.15157 -0.34425,0.30324 -0.53542,0.45507 -0.47354,0.37598 -1.22987,0.56302 -1.41925,1.127 -0.0947,0.37598 0.75611,0.56324 0.6614,1.03319 0,0.0242 -0.0339,0.0759 -0.0473,0.11132 -0.65005,0.3919 -1.12536,0.55805 -1.43497,0.72266 -0.31177,0.16573 0.0666,0.79617 -0.20078,1.1387 -0.26724,0.34249 -0.72402,-0.18756 -0.94683,0.0996 -0.1054,0.13599 -0.18465,0.39329 -0.24999,0.6504 -0.3058,-0.0563 -0.48851,-0.0888 -0.71061,-0.13282 -0.19728,-0.0392 -0.31201,-0.0195 -0.39172,0.0117 -0.0732,-0.0498 -0.15033,-0.0809 -0.22441,-0.12501 -0.0339,-0.0452 -0.0638,-0.0872 -0.12401,-0.15234 -0.34643,-0.37502 -0.64566,-0.35941 -0.99209,-0.39061 -0.34645,-0.0312 -0.58069,0.25975 -0.58069,0.25975 -0.26724,0.30936 -1.06882,0.97196 -1.4252,0.57422 -0.2979,-0.33252 -0.9428,0.0555 -1.66536,0.60157 -0.32884,-0.083 -0.61443,-0.27584 -0.82083,-0.64454 -4.35682,2.53779 -1.89294,1.4082 -0.56693,3.66409 0.18944,0.37597 -0.18925,1.03419 0.0944,1.41019 0.28413,0.65795 1.22957,0.75051 1.51378,1.31449 0.25515,0.45576 -0.50367,1.3646 -1.33459,2.13869 -0.68966,0.14855 -1.16144,0.61248 -1.40745,0.75195 -0.13858,0.0786 -0.33611,0.27375 -0.51574,0.46288 -0.1738,-0.1317 -0.32803,-0.41015 -0.52951,-0.41015 -0.47356,0.094 -1.32481,0.0945 -1.32481,0.56446 -0.0381,0.30276 0.0626,0.59172 0.24605,0.86913 0.28914,-0.0604 0.72147,-0.12293 0.78936,0.14648 0.0732,0.29075 0.19294,0.43987 -0.002,0.83789 -0.0285,0.3362 -0.0371,0.57166 0.26771,0.84374 0.44541,0.39776 0.80248,0.64235 1.1811,0.50977 0.18092,-0.0634 0.3994,-0.10859 0.56691,-0.0859 0.10822,0.0859 0.18333,0.16479 0.25196,0.2422 0.002,0.0443 -0.002,0.0934 -0.0178,0.15233 -0.13363,0.50825 -0.17783,1.0824 0.20077,1.28119 0.10166,0.0534 0.19111,0.12939 0.26378,0.20899 0.009,0.1297 0.0252,0.25519 0.0275,0.38672 -0.0413,0.002 -0.0922,-0.005 -0.15748,-0.0215 -0.51222,-0.13257 -0.51361,-0.26364 -0.80314,0.0235 -0.23775,0.23591 -0.20953,0.48675 0.002,0.74023 -0.28594,0.45062 -0.74212,0.73044 -1.11215,1.09759 -0.28414,0.56398 0.66116,0.84497 0.75587,1.127 0,0.18798 -0.47243,0.18898 -0.47243,0.37696 -0.0554,0.76928 0.74061,1.60349 1.63775,2.29879 0.35426,0.0728 0.71214,0.12889 1.07084,0.32032 0.47111,0.2514 0.85481,0.53508 1.10631,0.74021 0.46513,0.0106 0.95211,-0.0722 1.39173,-0.0722 0.56827,-0.094 1.23109,-0.4695 1.70468,-0.18751 0.0623,0.0454 0.10871,0.0949 0.15354,0.14454 -0.0167,0.11019 -0.0428,0.20138 -0.0492,0.3164 -0.0121,0.21572 0.1059,0.30767 0.24409,0.36133 0.22214,0.0863 0.51179,0.0449 0.51179,0.0449 l -0.67911,0.44336 c -0.16506,0.37191 -0.41228,0.76999 -0.68305,1.18749 -0.50444,0.0579 -0.43894,0.1462 -0.46456,0.40039 -0.0314,0.3125 -0.18897,0.5625 -0.6299,0.625 -0.3704,0.0525 0.0131,1.28059 0.25787,1.26949 0.006,0.0304 0.005,0.0617 0.0138,0.0918 1.42066,-0.18797 3.56586,-0.0926 4.79715,-1.31449 0.7577,-0.65796 1.23068,-2.16039 1.89364,-2.81839 0.28415,-0.28199 1.0406,-0.18846 1.32481,-0.56444 0.28413,-0.28198 -4.4e-4,-0.84472 0.18897,-1.22069 0.18945,-0.37597 2.65064,-1.78519 3.02949,-1.78519 0.94712,0 2.93575,0.93993 3.40934,1.50389 0.0947,0.18799 0.37946,0.2815 0.56888,0.18749 0.18943,-0.094 -0.0941,-0.56444 0.0944,-0.56444 0.75771,0 3.12332,2.44289 3.40743,2.63089 0.66299,0.46995 1.23048,1.03269 1.98818,1.22069 0.28413,0.094 -0.28414,-0.75 0,-0.75 0.47355,0 0.75867,0.56203 1.23219,0.75 0.0947,0.094 0.18876,-0.18751 0.28346,-0.18751 0.28414,0.094 0.66293,0.18874 0.85234,0.47072 2.36784,2.16179 0.94598,4.69578 2.93495,7.51557 1.04181,1.59789 1.32542,2.25289 1.04131,4.13278 0,0.56397 -0.75703,1.40969 -0.28346,1.59769 0.75771,0.28196 1.70326,-0.28248 2.27158,0.18749 0.47356,0.28197 -0.37841,1.0322 -0.0945,1.40819 0.37886,0.56396 1.32562,0.28222 1.7992,0.6582 0.37885,0.28198 0.37726,0.84295 0.6614,1.2188 0.18944,0.18798 0.56844,0.002 0.75785,0.18944 0.28414,0.28198 1.42066,1.5039 0.85234,2.25589 -0.0766,0.0761 -0.25346,0.16192 -0.40943,0.24999 -0.0691,-7.3e-4 -0.15845,-0.0136 -0.19095,0 -0.0562,0.0237 -0.0458,0.06 0,0.12501 -0.10768,0.0759 -0.17245,0.15127 -0.063,0.18749 0.11319,0.0449 0.20887,0.0595 0.31693,0.0918 0.33853,0.3285 0.73631,0.66003 0.75785,0.18945 5.5e-4,-0.0118 -10e-4,-0.0181 0,-0.0293 1.30294,0.13346 2.3255,-0.31865 3.75382,0.875 1.04181,0.84592 1.04272,2.44309 2.08463,3.28908 0.18944,0.094 0.56647,-0.18813 0.7559,-0.0937 0.66299,0.37597 1.32542,0.75075 1.89364,1.2207 1.32592,1.03389 10e-4,0.75149 1.13776,2.44339 0.56831,0.65794 1.60862,0.75046 2.27158,1.31439 l 1.41925,1.97269 c 0.56827,0.37598 2.30343,0.1877 2.96649,0.75195 0.50076,0.49693 0.48796,1.50239 1.06096,1.86329 l 0.0394,-0.0741 c 0.62355,-0.35355 1.06842,-0.99463 1.5807,-0.90625 0.51223,0.0884 0.57931,-0.39675 0.91336,-0.17578 0.037,0.0247 0.14247,0.10305 0.20472,0.14649 0.65051,0.0416 1.21899,0.55996 1.80112,0.88867 0.10615,-0.08 0.26947,-0.14815 0.60037,-0.13087 0.0415,0.002 0.0782,0.0198 0.11811,0.0274 -0.15066,-0.40222 -0.41244,-0.93742 1.25588,-0.32423 0.94712,0.37597 2.93606,3.38179 3.31491,4.50978 0.0947,0.28197 -0.18927,0.7517 0.0944,0.84569 0.11176,0.0142 0.19793,0.0166 0.29723,0.0254 -0.007,-0.57013 0.24553,-0.67899 0.50983,-0.57811 0.28952,0.11049 0.42222,0.57571 0.60038,0.31054 0.17816,-0.26517 0.17731,-0.99502 1.02357,-0.39843 0.14882,0.10494 0.26255,0.22239 0.36023,0.33984 0.25806,0.16783 0.43354,0.2726 0.99603,0.67577 0.13847,0.0962 0.19404,0.21316 0.22244,0.33788 0.0141,0.0622 -0.008,0.0988 -0.063,0.10742 -0.4448,0.0702 -0.55741,0.7273 -0.75785,0.77149 -0.20042,0.0442 -0.42332,-0.0877 -0.49014,0.39845 -0.0669,0.48611 0.24529,0.33005 0.55708,-0.0234 0.31178,-0.35354 0.93535,-0.50807 1.13584,-0.28711 0.20043,0.22098 0.93636,-0.13315 0.95863,-0.33203 0.0224,-0.19886 0.46624,0.0456 0.68897,0.0898 0.084,0.0167 0.15055,-0.06 0.22045,-0.15821 l 0.069,0.0176 c 0.52043,-0.2143 1.09079,-0.0656 1.90745,1.0488 0.37886,0.56392 0.94857,1.25189 1.04332,2.00389 0.0122,0.0967 9.7e-4,0.19127 -0.0217,0.28517 -0.45138,0.20272 -0.55494,0.4543 -0.36219,0.70701 -0.18278,0.27524 -0.36151,0.54377 -0.35432,0.8086 0.68936,0.007 0.77682,-0.0624 1.06096,0.67774 0.005,0.0126 0.0278,0.0507 0.0334,0.0644 0.38742,0.0413 0.79047,0.0484 1.06298,0.18358 0.56827,0.28198 1.0404,0.75286 1.41925,1.1289 0.0947,0.18796 -0.0947,0.46904 0,0.46875 0.15175,-0.01 0.27683,-0.0385 0.4173,-0.0566 0.53494,0.21315 1.04635,0.25865 1.21063,-0.041 l 0.12204,-0.22266 c 0.1086,-0.16405 0.21666,-0.29869 0.32283,-0.37304 0.7572,-0.53034 2.09441,-0.48649 2.45068,0.92773 0.0108,0.0429 0.0105,0.10681 0.0157,0.16016 0.18524,0.31033 0.3741,0.69852 0.5748,1.20309 1.13655,2.81979 -0.66352,1.31369 1.0413,3.85158 0.18943,0.18797 0.56863,0.18701 0.66337,0.375 0.47352,0.56395 0.85166,1.2207 1.13574,1.97259 0.56827,1.2219 0.18913,2.81739 0.94684,3.94528 0.75769,1.0339 2.65144,1.3155 1.04131,3.19529 -0.66298,0.93991 -2.93606,-0.002 -3.31491,1.68939 -0.0947,0.56398 0.85212,0.8462 0.94682,1.4102 0.0947,0.46994 -0.28324,0.84449 -0.37795,1.31439 -0.0947,0.46997 -0.0938,1.03419 -0.37793,1.41019 -0.47358,0.46995 -1.42026,0.37551 -1.79921,0.93946 -0.44031,0.71626 0.22786,0.69147 -0.0944,1.66019 -0.13152,0.39481 0.29422,0.48703 0.28344,1.1269 -0.009,0.51445 0.80455,0.96285 1.04131,1.03319 4.73557,1.31589 3.31339,-3.25658 5.58649,-5.23048 0.94713,-0.75193 1.89294,-0.37525 2.17715,-1.78519 0.37884,-1.69189 -1.23129,-3.09778 0,-4.50778 1.3485,-1.56139 3.99228,-1.42119 5.08841,-2.26959 -0.10038,-0.0997 -0.1761,-0.18875 -0.18306,-0.24414 -0.063,-0.49998 0.94485,-0.74999 0.12598,-0.90624 -0.74702,-0.14253 -0.73557,-0.99988 -0.25393,-2.07219 -0.16379,-0.16996 -0.29836,-0.48224 -0.32676,-1.2715 0,-0.37595 0.56737,-0.75121 0.37794,-1.03319 -0.18943,-0.37598 -0.757,-0.18896 -1.13584,-0.37695 -1.04181,-0.46997 -1.7984,-1.59669 -2.93495,-1.97269 -1.04181,-0.28198 -1.32643,0.75292 -2.2736,-0.375 -1.61014,-2.06789 0.28451,-1.97199 0.66336,-3.75778 0.0947,-0.376 -0.37794,-0.65747 -0.37794,-0.93944 0,-0.18799 2.36562,-4.91717 2.55509,-5.19917 1.79951,-1.87989 2.83991,0.28149 4.73416,0.93943 1.42066,0.46996 4.16714,-0.65719 5.01957,0.47071 1.5154,1.97389 0.28233,3.69438 3.21846,4.82228 0.56827,0.28199 1.23138,0.56296 1.61023,0.28126 0.37885,-0.18801 0.094,-2.06709 0.28346,-2.53709 0.28412,-0.84593 1.13675,-0.46754 0.75785,-1.68939 -0.94711,-3.28979 -3.97746,-3.03689 -5.11401,-4.63478 -0.28413,-0.28197 0.0954,-0.93871 -0.28346,-1.2207 -0.94711,-0.75193 -4.06998,-1.22139 -5.20653,-1.69139 -1.42066,-0.46997 -1.89465,-1.50219 -3.12594,-2.16019 -3.50438,-1.78589 -8.23571,-1.59769 -11.64566,-3.85348 -3.59901,-2.44379 3.50358,-3.37989 1.13585,-6.01167 -0.85241,-0.93993 -2.27199,0.0935 -2.93495,0.18749 -3.0308,0.46996 -7.85586,1.3174 -10.41307,-1.31439 -0.18941,-0.188 0.0932,-0.75148 -0.19093,-0.93947 -0.47357,-0.46996 -1.32542,-0.56346 -1.89364,-0.93943 -1.70488,-1.3159 -4.32225,-3.16089 -5.36406,-5.13478 -1.04181,-1.87989 -2.87277,-9.55175 -4.19869,-10.67995 -1.23128,-1.03389 -0.33008,0.47492 -1.67121,-0.25 -1.31,-0.7081 -4.75794,-4.02548 -5.5235,-4.07028 -0.87642,-0.0513 -1.6828,-0.38417 -3.81883,-3.06839 -0.28413,-0.56394 -1.51419,-5.63737 -1.32471,-6.10737 0.0324,-0.0782 0.0863,-0.15242 0.12598,-0.21874 -0.0207,-0.0319 -0.0444,-0.0569 -0.063,-0.0938 0,-0.49095 0.0184,-0.88708 0.11811,-1.05859 l -0.0276,-0.0606 c 0.0839,-0.19444 0.18109,-0.3593 0.30709,-0.35936 0.18896,0 0.42534,0.40624 0.0944,0.51561 -0.33069,0.10938 -0.063,0.29683 0.23621,0.32813 0.29921,0.0312 0.70865,-0.0311 0.97636,-0.53124 0.2677,-0.5 0.22046,-1.0313 0.51967,-1.2031 0.2992,-0.17179 0.26757,-0.65622 -0.0787,-0.84374 -0.34647,-0.18748 -0.61416,-0.0625 -0.91337,-0.45311 -0.24237,-0.31644 -0.40415,-0.53773 -0.5984,-0.51563 l 0.0353,-0.10157 c -0.18089,0.015 -0.35825,0.17791 -0.4488,0.0879 -0.0947,-0.18798 -4.8e-4,-0.37641 0.18897,-0.47068 0.37883,-0.28198 4.5e-4,-1.0322 -0.18897,-1.4082 -0.18944,-0.18799 -0.28496,0.46898 -0.4744,0.375 -0.26989,-0.13393 -0.16904,-0.71137 -0.25196,-1.0332 -0.0142,0.001 -0.0136,0 -0.0314,0 -0.3782,0 -0.74996,0.97719 -0.82085,0.0625 -0.0709,-0.91466 0.48213,-1.65849 0.69487,-1.18939 0.19239,0.42423 -0.36673,0.77604 -0.0944,0.87694 0.16477,-0.2407 0.3368,-0.50444 0.40944,-0.72069 0.18942,-0.37598 -0.18791,-0.93924 0.19093,-1.0332 -0.0345,-0.11343 0.27541,-0.33425 0.53542,-0.50195 0.47276,-0.30488 0.42706,-0.5782 0.56888,-0.43749 0.14183,0.14073 0.44885,0.13258 0.37794,-0.0312 -0.0709,-0.16415 -0.0631,-0.18926 0.22047,-0.47069 0.28364,-0.28146 0.89972,0.0799 0.75785,0.31444 -0.14181,0.23453 -0.29116,0.58602 -0.50393,0.46875 -0.21272,-0.11726 -0.35588,0.0641 -0.94681,0.62696 -0.13902,0.0283 -0.17875,0.0146 -0.28543,0.0312 0.19705,0.0638 0.39558,0.13477 0.60038,0.0937 1.51539,-0.28197 2.74477,-1.78569 4.07079,-2.34959 0.56828,-0.18799 1.04231,0.0323 1.42126,-0.34373 0.37886,-0.37598 0.28231,-0.47 0.75589,-0.75196 0.93129,-0.48557 1.54502,0.27873 2.08463,0.21874 0.32694,-0.0364 1.00162,-0.51531 1.19873,-0.68749 -0.74883,-0.2982 -0.22086,-1.47309 1.57869,0.21874 0.37884,0.46997 0.28317,0.78199 0.47243,1.25199 2.73478,0.16584 -0.72607,-2.19189 -1.67323,-2.75588 -0.663,-0.37598 0.63233,-1.4714 0.44291,-1.94139 -0.18944,-0.46996 -1.70558,0.8469 -1.32673,-0.375 0.28413,-0.84593 1.73581,-1.4712 1.07275,-2.03519 -0.47356,-0.37598 -2.39797,0.0323 -2.20859,-1.0957 -0.0286,-1.07409 2.55932,-1.85059 2.70264,-3.20898 -0.0168,-0.0108 -0.0416,-0.013 -0.0551,-0.0273 -3.29526,-0.6926 -2.99804,0.37436 -6.01553,-0.5625 -0.7891,-0.12047 -1.44888,-0.25709 -2.06881,-0.41212 -1.21919,-0.2339 -1.92549,-0.53686 -2.91136,-1.21089 -0.22517,-0.14282 -0.4536,-0.29859 -0.68896,-0.4707 -0.0437,-0.0434 -0.0934,-0.0517 -0.1437,-0.0488 -0.11381,0.0122 -0.23208,0.0952 -0.31888,0.10156 -0.0386,0.003 -0.0727,-0.005 -0.0944,-0.0488 -0.002,-0.004 -0.008,4.9e-4 -0.0101,-0.004 -0.18972,-0.37597 0.28397,-0.74927 0.0944,-1.0312 -0.19623,-0.29211 -0.41499,-0.39185 -0.63187,-0.45117 -0.0831,-0.0219 -0.16724,-0.0556 -0.24803,-0.0664 v -0.002 c 0.047,-0.11122 0.0793,-0.22715 0.0354,-0.31444 -0.11137,-0.22097 -0.64473,-0.90575 -0.11024,-0.99415 0.53449,-0.0884 0.68909,-0.0444 0.75589,-0.48633 0.0178,-0.11691 0.0286,-0.19294 0.0255,-0.24804 -0.002,-0.0472 -0.0181,-0.0741 -0.0492,-0.0898 -0.006,-0.003 -0.0122,-0.008 -0.0197,-0.01 -0.0392,-0.0118 -0.0929,-0.0136 -0.18109,-0.006 z m 12.64242,6.29297 c -3.6e-4,0.0121 -5.3e-4,0.0237 0,0.0352 5.2e-4,-0.009 0.004,-0.0162 0.004,-0.0254 0.0858,0.0339 0.16218,0.0472 0.24015,0.0644 -0.0793,-0.0192 -0.15954,-0.0409 -0.24409,-0.0741 z m 0.30718,0.09 c 0.0141,0.003 0.029,0.009 0.0433,0.0117 -0.003,-0.002 -0.006,-0.005 -0.0101,-0.008 -0.0114,-0.002 -0.0221,-0.002 -0.0334,-0.004 z m -9.64559,31.60685 c 0.0501,0.008 0.0592,0.11736 0.12599,0.2832 0.13373,0.33168 0.31827,0.70348 -0.28346,1.002 -0.53484,-0.29852 -0.628,0.11873 -0.69486,-0.3125 -0.0668,-0.43118 0.23453,-0.51786 0.56889,-0.78321 0.16713,-0.13265 0.23335,-0.19746 0.28344,-0.18945 z m -18.39924,14.15394 c -0.14843,-0.002 -0.30602,0.22344 -0.40943,0.50195 -0.16547,0.4456 -0.3798,0.33607 -0.5689,0.12501 -0.18911,-0.2111 -0.47243,-0.0627 -0.47243,0.21873 0,0.28143 -0.71221,-0.30489 -1.23219,0 -0.52003,0.30489 -0.1796,0.82219 0.50589,0.93946 0.68546,0.11729 0.53538,-0.23286 0.6299,-0.0918 0.0945,0.14072 0.32465,-0.34389 0.53738,-0.15625 0.21273,0.18761 0.0865,-0.0703 0.34644,-0.18749 0.26001,-0.11726 -0.0613,0.55468 0.31694,0.53124 0.37822,-0.0233 0.48818,0.25797 0.44092,0 -0.0473,-0.25798 -0.50417,-0.5625 -0.12597,-0.5625 0.37818,0 0.28344,-0.23578 0.28344,-1.03319 -0.0887,-0.21108 -0.16289,-0.28196 -0.25195,-0.2832 z m 18.87393,11.43195 c 0.10152,0 0.18898,0.0888 0.18898,0.18944 0,0.10076 -0.0875,0.18751 -0.18898,0.18751 -0.10154,0 -0.15747,-0.0868 -0.15747,-0.18751 0,-0.10073 0.0559,-0.18944 0.15747,-0.18944 z m -30.0459,8.45506 c -0.85241,1.03389 -6.05746,5.26197 -7.47811,5.16797 -1.70488,0 -2.36784,-1.97289 -2.46258,-1.87889 -0.28413,0.28197 0.18958,0.65723 0.0944,1.0332 -0.0947,0.65794 -0.75762,1.12719 -0.85236,1.78509 -0.21223,3.51048 0.1568,2.14379 0.8307,1.73629 0.002,0.40174 0.0238,0.59852 0.24409,0.57422 0.11022,-0.0121 0.3376,-0.18176 0.57086,-0.37109 0.58734,0.78447 1.94675,5.24688 1.57475,6.16987 -0.18943,0.37596 -0.75738,0.28248 -0.94684,0.56445 -0.0947,0.094 0.28347,0.0935 0.28347,0.1875 0,0.46997 -0.4731,1.03199 -0.18897,1.50199 0.28412,0.37598 1.32451,-0.093 1.41925,0.37695 0.18943,0.56394 -0.85212,0.84426 -0.94683,1.40819 -0.18943,0.65795 0.18958,1.221 0.0944,1.8789 -0.28413,1.59799 -1.60953,2.81738 -1.0413,4.69727 0.18942,0.56408 1.13584,0.93973 1.13584,1.5977 0.0965,-0.025 0.18982,-0.0381 0.28543,0 1.79951,0.75193 -0.47538,4.22908 3.21845,2.53709 2.65195,-1.2219 1.13645,-0.84597 1.70468,-3.00779 0.0947,-0.46995 0.5687,-0.65723 0.66336,-1.0332 0,-0.28195 -0.94751,-0.65624 -0.66336,-0.65624 1.61013,-0.0942 3.31369,1.21949 4.63961,1.68939 0.18945,0.0942 0.0942,0.56496 0.18899,0.37696 1.7995,-3.10179 1.42055,-7.41967 1.70467,-10.52095 0,-0.46997 0.47242,-0.84668 0.47242,-1.2227 -0.18941,-1.03389 -1.60932,-1.03199 -1.13584,-2.25389 0.47358,-1.31589 2.17735,-1.87869 2.08261,-3.47658 -0.18943,-4.51168 -1.04191,0.2529 -1.61023,-3.13079 0,-0.282 0.66383,-0.37451 0.4744,-0.5625 -0.47353,-0.56395 -1.7987,-0.37523 -1.98807,-1.03319 -0.18946,-0.65796 1.41904,-0.47119 1.51368,-1.0352 0.56827,-2.06779 -3.59761,-1.78369 -3.88182,-3.09958 z m 43.93402,5.12697 c -0.0369,-0.007 -0.0691,-0.004 -0.0965,0.0117 -0.16452,0.0917 -0.18227,0.45118 -0.0314,0.6875 0.20057,0.31511 0.8762,0.0944 1.00976,-0.1875 0.13373,-0.28193 -0.15615,-0.25315 -0.75785,-0.46875 -0.046,-0.0186 -0.0871,-0.034 -0.12401,-0.041 z m 10.53905,25.87689 c -0.30017,0.0281 -0.47544,0.18811 -0.15748,0.43748 0.40161,0.24358 0.91866,-0.31766 0.47243,-0.40624 -0.11155,-0.022 -0.21491,-0.0387 -0.31495,-0.0293 z m 0.91532,0.78516 c -0.16106,0.0155 -0.29823,0.10038 -0.31495,0.25001 -0.2008,0.70855 0.3031,0.32285 0.50391,0.5 0.20082,0.17715 0.21361,-0.70571 -0.0314,-0.75001 -0.0613,-0.011 -0.10379,-0.005 -0.15748,0 z m 0.28353,1.2207 c -0.0864,0.0388 -0.082,0.1575 0.063,0.3125 0.33466,0.26576 0.73691,0.1538 0.37991,-0.15625 -0.1785,-0.15495 -0.35644,-0.19498 -0.4429,-0.15625 z m 5.80701,1.12699 c -0.47948,0 -1.2449,0.90746 -2.52355,1.1895 -0.28415,0.0942 -0.0327,-0.93823 -0.31693,-0.65625 -0.75769,0.75194 0.49467,0.31628 -1.19873,1.78319 -0.86016,0.13827 -0.12655,-0.3866 -1.41925,-0.21875 -0.40267,-0.65093 -0.58187,-0.59015 -2.11406,0.0625 -1.23128,0.65794 0.0176,1.0846 -3.22037,1.75389 -1.14692,0.23707 -3.34201,0.5179 -3.78728,0.125 0,0 -2.39766,1.0644 -2.492,1.0644 -0.663,0 -1.57929,-0.40734 -2.14762,-0.78321 -0.18943,-0.0942 -0.21979,-0.78101 -0.50392,-0.87498 -0.65206,0.32124 -0.43671,0.49663 -1.26182,0.37499 -0.54597,-1.56619 -0.70299,-0.96342 -0.85234,-1.47269 -1.30002,0.99094 -0.92455,0.42595 -1.89364,0.37695 -0.78834,-0.0401 0.48823,1.48759 -1.92519,2.25389 -0.85242,0.0942 -1.38921,-1.44069 -1.57869,-1.72269 -1.00359,-0.6471 0.65545,0.94771 -0.97831,0.81446 0.38078,0.8863 -0.6627,0.34483 -0.94685,0.7207 -0.28411,0.37597 -0.29914,0.91953 -0.5669,1.47259 -0.33468,0.70264 0.23845,0.94131 -0.19094,1.5332 -0.42393,0.25983 -0.31233,0.31347 0,0.68944 0.46581,0.32086 0.0989,0.73442 0.56888,1.0645 0.59047,0.41477 0.88945,-0.15088 1.41925,1.15819 0.85242,0.37597 1.79911,-0.46923 2.65154,-0.28125 1.04181,0.28199 0.30779,0.18439 1.13585,0.7832 0.82801,0.59882 0.76578,-0.76348 4.16724,2.22269 0.47354,0.18796 0.94589,-0.0946 1.32471,0.18749 0.47358,0.188 1.26273,1.06569 1.64168,1.34759 1.02044,0.188 1.52024,0.32786 1.89364,0.68751 0.55554,0.66336 1.76555,-0.81322 3.47042,0.2207 2.45844,1.65979 1.49524,2.23109 2.43102,3.09959 2.80817,0.31412 1.41643,1.41479 4.0078,0.56248 1.79951,-0.0942 1.86754,0.82034 2.52557,0.62696 0.52951,-0.15562 -0.34864,-1.0025 -0.25393,-1.56639 0.0947,-0.46996 0.19024,-1.032 0.47439,-1.502 0.28413,-0.46993 0.75672,-0.75121 1.23028,-1.03319 0.18943,-0.18799 0.56909,-0.0936 0.4744,-0.28125 -0.28415,-0.75194 -0.64983,0.0935 -0.88384,-1.0352 -0.34016,-0.39269 -0.75786,-1.00149 -0.75786,-1.18949 0.28415,-0.65794 -0.001,-0.18676 0.47243,-0.46875 0.2559,-0.66385 -1.00885,-0.21926 -1.3878,-0.78318 -1.05361,-3.13799 0.72065,-2.71999 0.56889,-5.38668 1.99019,-3.24238 3.17169,-6.30967 3.78728,-6.63867 -0.37884,-0.25852 -0.56383,-0.0184 -1.04332,-0.28125 z m -31.49519,5.54298 c 0.0929,0.46127 0.29685,0.40289 0.31495,0.1875 z m 0.6299,0.37499 m 0.18896,0.125 c -0.0943,-0.11801 -0.14021,-0.17587 -0.18896,-0.24999 0.0148,0.0554 0.004,0.0819 0,0.12499 z m -0.44092,0.43946 c -0.33468,0.0882 -0.47708,0.2564 -0.25392,0.5 0.35695,0.22145 0.3103,-0.18476 0.60037,-0.0293 0.29006,0.15502 -0.0118,-0.55733 -0.34645,-0.46875 z9:["$","path",null,{"d":"$1c"}]
1d:T1b54,m 349.45793,349.70959 c -0.0834,-0.007 -0.17761,0.0171 -0.25198,0.0312 -0.0992,0.019 -0.18092,0.0546 -0.25195,0.12501 -0.0947,0.188 0.0946,2.90569 -0.0944,3.09379 -0.18943,0.28195 -0.84947,-0.37609 -1.22836,-0.0937 l -0.75588,2.46878 c -0.66299,0.188 -1.35273,-0.65623 -2.01569,-0.65623 -0.37886,0 -0.28255,0.74975 -0.6614,0.84373 -1.98898,0.75195 -3.11445,-1.21679 -4.62984,-1.96879 h -0.0944 c 0.0947,0.28199 0.18897,0.56178 0.18897,0.84375 -0.0947,2.53779 -0.65663,1.96999 -2.64559,1.49999 -0.18942,0 -0.3777,0.0932 -0.47243,0.28126 -0.18941,0.93993 0.38022,1.96679 -0.5669,2.71879 -0.85243,0.65796 -4.85006,1.58979 -4.9447,3.09368 0,0 2.26766,3.09349 2.26766,3.18749 0.0947,0.094 -1.22947,1.21779 -0.75589,1.59379 1.04181,0.93993 2.0807,-0.44553 1.22837,2.65619 0,0.18799 -0.18853,0.46875 -0.37796,0.46875 -3.03079,-0.84595 -0.65796,-2.37479 -2.07868,-2.46879 -0.75768,0 -1.44696,0.6565 -2.20466,0.5625 -0.37886,-0.094 -0.28278,-0.74975 -0.56692,-0.84375 -0.56826,-0.18797 -1.13271,0.282 -1.6063,0.0937 -0.18941,-0.094 0.18942,-0.65626 0,-0.65626 -1.13655,0.094 -0.0938,1.5935 -0.37795,1.6875 -1.32593,0.37598 -3.493,-0.15746 -4.72428,0.31249 -0.37886,0.188 -0.18806,0.84327 -0.56691,1.0312 -0.37884,0.28199 -0.84948,-0.18787 -1.22837,0.0937 -0.28415,0.094 0.0946,0.56205 -0.0944,0.75001 -0.0947,0.094 -3.30614,0.93797 -3.68499,0.74999 -0.1894,-0.18801 3.6e-4,-0.65575 -0.18896,-0.84374 -0.0947,-0.188 -0.56671,-0.18704 -0.6614,-0.375 -0.0947,-0.188 0.47265,-0.0932 0.37793,-0.28126 -0.36831,-1.188 -2.87941,0.16802 -3.71643,-0.53125 -0.16099,0.22323 0.0582,1.1255 -0.0944,1.65629 0,0.37597 -1.79367,2.53299 -2.45663,1.875 -0.37886,-0.37596 0.66207,-0.93653 0.37794,-1.3125 -0.0947,-0.094 -0.37748,0.28125 -0.56691,0.28125 -0.18941,0 -0.47223,-0.0932 -0.56691,-0.28125 -0.18943,-0.28199 0.47354,-0.65526 0,-1.03119 -0.37886,-0.28198 -0.566,-0.74952 -0.94486,-0.9375 -0.28412,-0.188 -0.66048,0.28148 -1.03929,0.18749 -0.18941,-0.18797 3.3e-4,-0.65574 -0.18897,-0.84375 -0.47355,-0.37598 -0.37432,1.3137 -1.88971,0.84375 -0.0947,-0.094 -0.18874,-0.0937 -0.28345,-0.0937 v 0.0937 c 0,0.2929 0.19603,0.47628 0.31495,0.5625 0,0 0.2604,0.34376 0.47243,0.34376 0.0888,0 0.13788,0.015 0.15748,0.0312 -0.16504,0.12819 -0.10644,0.33792 -0.15748,0.5 0.21205,0.23671 0.39603,0.35861 0.15748,0.4375 -0.23855,0.0789 -0.32608,0.0159 -0.44093,0.15625 -0.11487,0.14027 -0.0918,0.32354 -0.18898,0.43751 -0.0971,0.11396 -0.30228,0.22484 -0.34645,0.3125 0.0389,0.267 -0.21727,0.19828 -0.15748,0.43748 -0.005,0.009 -0.0258,0.0217 -0.0314,0.0312 0.064,0.0635 0.31599,0.18733 0.25196,0.28124 -0.12806,0.18783 0.25579,0.26451 0.18897,0.375 -0.0669,0.11049 -0.13914,0.0292 -0.0944,0.15625 0.0446,0.12705 -0.0852,0.1782 0.0314,0.25 0.11693,0.0719 0.1667,0.0457 0.18897,0.15625 0.0223,0.11049 0.19262,-0.004 0.22047,0.0625 0.0278,0.0663 -0.17076,0.0696 -0.0314,0.21876 0.13919,0.14915 -0.0669,0.0934 0,0.28125 0.0668,0.18782 0.17265,0.26087 0,0.34373 -0.17259,0.0829 -0.1352,0.0345 -0.15747,0.25 0.32979,0.15686 0.36904,-0.0994 0.6299,0 0.26293,0.22652 0.66335,0.32233 0.94485,0.43751 0.10776,0.23081 0.31839,0.0678 0.44094,0.0937 0,0 -0.0596,-0.0975 0.12598,-0.0625 0.18554,0.0351 0.0479,0.12997 -0.0314,0.15625 -0.0795,0.0265 0.14479,0.12232 0.18897,0.21875 -0.26338,0.35823 -0.068,0.49962 -0.0944,0.75001 0.0353,0.0614 0.25923,0.0736 0.40944,0.18749 0.38815,0.31649 0.85885,0.54357 1.2598,0.75 0.42531,0.21103 0.74709,0.15034 1.02166,-0.0234 0.0221,0.009 0.0427,0.0303 0.065,0.0352 0.34801,0.0755 0.33302,-0.0569 0.3425,-0.40233 0.1031,-0.12172 0.20391,-0.23573 0.29921,-0.36719 0.0314,0.002 0.0535,0.002 0.0925,0.006 0.3452,0.0332 0.35681,-0.0328 0.30117,-0.15431 -0.0557,-0.12158 0.1004,-0.1543 0.1004,-0.1543 l 0.11022,-0.38086 c 0.1517,-0.11097 0.31137,-0.18673 0.50196,-0.15234 0.0628,0.009 0.0888,0.0249 0.1437,0.0352 l 0.16929,0.43165 0.54524,0.13672 c -0.10755,0.38443 -0.68894,0.82107 -0.29131,0.99022 1.51539,0.75194 0.18535,-0.188 1.70074,0 0.75769,0.094 1.53968,2.06469 3.05498,1.2187 l 1.22836,-2.53119 c 0.75769,-0.56397 4.06081,-0.18726 4.91325,-0.28126 1.38972,-0.0919 2.50036,-1.2519 3.87789,-1.30269 0.008,-10e-4 0.0178,-0.009 0.0257,-0.01 0.69037,-0.0663 0.68884,-0.1314 0.62202,0.31054 -0.0669,0.44193 -0.22138,0.39795 -0.75588,0.48634 -0.53449,0.0884 -0.001,0.77317 0.11023,0.99413 0.0439,0.0873 0.0116,0.20323 -0.0354,0.31446 0.29239,0.0396 0.60828,0.11518 0.8799,0.51951 0.1894,0.28201 -0.28427,0.65528 -0.0944,1.0312 0.0947,0.18801 0.3775,-0.18797 0.56692,0 1.79951,1.31589 3.20666,1.71779 5.66913,2.09379 3.01759,0.93687 2.72028,-0.13011 6.01563,0.5625 0.0154,0.0165 0.0475,0.015 0.063,0.0312 0.004,-0.0319 -0.001,-0.0615 0,-0.0937 0.81335,0.32085 1.38458,-0.0896 1.73229,0.21875 0.78925,0.53237 1.22594,-0.14251 2.26765,0.75 0.75769,0.094 1.63604,-0.73625 2.33064,-0.0312 0.31581,0.39147 0.45554,-0.39265 0.94486,0.59375 0.18937,0.094 0.094,-0.71851 0.28346,-0.81249 0.87517,-0.0936 0.46533,-0.93816 1.57476,-0.93749 0.37365,-0.27642 0.12271,-0.7825 0.75588,-1.4375 0.25122,0.38242 0.29381,-0.17996 0.47243,-0.21874 0.29744,-0.0645 0.13291,0.79055 0.53542,-0.0937 0.18915,-0.41576 1.04181,-0.33195 1.44877,-0.28124 0.80209,0.1 1.36614,-0.25714 1.76373,-0.21875 0.79515,0.0767 0.45468,0.72686 1.0393,0.40624 0.56827,-0.28198 -0.28494,-0.67259 1.35434,-1.2812 1.25497,0.38204 0.92795,-0.9924 3.08653,0.37499 0.28412,-0.094 -0.28324,-0.59303 -0.37795,-0.875 -0.1854,-0.98119 0.33148,-1.46459 1.10239,-1.68749 0.0428,-0.008 0.0832,-0.0233 0.12597,-0.0312 0.0209,-0.026 0.28791,-0.35283 0.66141,-0.87499 0.42396,-0.96398 1.20609,-1.1128 1.70074,-0.9375 0.49464,0.17529 0.67674,0.32613 0.53541,-0.375 -0.14132,-0.70109 -0.0268,-1.00079 0.22047,-1.28119 0.24732,-0.28044 -0.54389,0.27204 -0.75588,-0.21875 -0.21199,-0.49078 0.13062,-0.9307 0.37794,-1.2812 0.2473,-0.35056 -0.0992,-0.22795 -0.34645,-0.71875 -0.24731,-0.49077 0.0744,-0.43531 -0.0314,-1.0312 -0.10601,-0.59594 1.09925,0.26822 1.41723,-0.18749 0.31797,-0.45571 0.43629,-0.40786 0.18897,-0.96875 -0.24729,-0.5609 0.40094,-0.54044 0.18897,-1.0312 -0.21198,-0.49076 -1.27291,-0.11818 -1.73228,-0.46875 -0.4593,-0.35055 -0.35331,-0.71954 0,-0.99999 0.35331,-0.28043 0.34502,-1.0769 1.22836,-0.65624 0.88326,0.42066 1.48879,0.62039 1.70074,0.375 0.21195,-0.24539 1.1308,0.35404 1.44878,-0.0312 0.31799,-0.38562 0.68825,-0.47035 0.44093,-1.03119 -0.24732,-0.56089 0.0336,-0.4391 -0.56691,-1 -0.60063,-0.5609 0.33491,-0.0177 0.44093,-0.71874 0.0863,-0.57144 -0.43016,-1.36909 0.15748,-1.56249 -0.0127,-0.0208 -0.0189,-0.0417 -0.0314,-0.0625 -1.13655,-1.22189 -2.07667,-2.43379 -2.929,-3.84368 -0.75771,-1.2219 1.98898,-3.21509 0,-4.62498 -0.28415,-0.18799 -0.66073,0.37499 -0.94486,0.37499 -0.47355,-0.094 -1.41572,-1.313 -2.07868,-1.125 -0.47355,0.18799 -0.69155,0.93676 -1.25981,1.2188 -0.37886,0.094 -0.84946,-0.0937 -1.22836,-0.0937 -2.55761,-0.28212 -4.71773,-2.34379 -7.46431,-2.34379 -0.47355,0 -0.84922,0.56251 -1.3228,0.56251 -0.18941,-0.094 3.7e-4,-0.56228 -0.18896,-0.65626 -0.21308,-0.10576 -0.47404,-0.22946 -0.72439,-0.24999 za:["$","path",null,{"d":"$1d"}]
b:["$","svg",null,{"className":"status-map-connector","viewBox":"190 260 240 180","preserveAspectRatio":"xMidYMid meet","aria-hidden":"true","children":["$","path",null,{"d":"M272,325 Q292,352 288,380","fill":"none","stroke":"#93C5FD","strokeWidth":"1","strokeDasharray":"1 5","strokeLinecap":"round","opacity":"0.75"}]}]
c:["$","span",null,{"className":"status-pin","style":{"left":"34.17%","top":"36.11%"},"children":["$","span",null,{"className":"tooltip status-pin-tooltip","data-tooltip":"Liège, Belgique","tabIndex":0,"children":[["$","span",null,{"className":"status-pin-ring","style":{"borderColor":"rgba(147,197,253,0.55)"}}],["$","span",null,{"className":"status-pin-dot","style":{"background":"#93C5FD"}}]]}]}]
d:["$","span",null,{"className":"status-pin","style":{"left":"40.83%","top":"66.67%"},"children":["$","span",null,{"className":"tooltip status-pin-tooltip","data-tooltip":"Aoste, Italie","tabIndex":0,"children":[["$","span",null,{"className":"status-pin-ring","style":{"borderColor":"rgba(0,191,135,0.55)"}}],["$","span",null,{"className":"status-pin-dot","style":{"background":"#00BF87"}}]]}]}]
e:["$","section",null,{"className":"wwu-section cv-auto","style":{"background":"var(--surface-1)"},"children":["$","div",null,{"className":"w-full max-w-[1400px] mx-auto px-6 sm:px-10 md:px-16 lg:px-16 xl:px-20 py-12 grid lg:grid-cols-2 gap-12 lg:gap-16 items-center","children":[["$","div",null,{"children":[["$","h2",null,{"className":"font-sans font-extrabold text-4xl sm:text-5xl lg:text-6xl text-[#0B2545] tracking-tight mb-6 lg:mb-8 leading-[1.05]","children":"Notre plan d'expansion sur 4 ans"}],["$","p",null,{"className":"font-sans text-lg lg:text-xl leading-relaxed max-w-xl lg:max-w-2xl","style":{"color":"var(--ink-2)"},"children":"Au cours des quatre prochaines années, notre objectif est d'établir 25 agences Lena's Cleaning Services à travers l'Europe. Votre contribution peut nous aider à avancer vers cet objectif, tout en créant pour vous l'opportunité de bâtir et de développer votre propre activité de nettoyage."}]]}],["$","$L1e",null,{"id":"growth","title":"Croissance prévue","points":[{"label":"2026","value":2},{"label":"2027","value":6},{"label":"2028","value":11},{"label":"2029","value":17},{"label":"2030","value":25}],"statLabel":"agences d'ici 2030","statValue":25,"trend":23,"height":220,"yMin":0,"tension":0.2,"axisStart":"2026","axisEnd":"2030"}]]}]}]
f:["$","section",null,{"className":"wwu-section bg-white cv-auto","children":["$","div",null,{"className":"w-full max-w-[1400px] mx-auto px-6 sm:px-10 md:px-16 lg:px-16 xl:px-20 py-12","children":[["$","h2",null,{"className":"font-sans font-extrabold text-3xl sm:text-4xl md:text-5xl lg:text-6xl text-[#0B2545] tracking-tight text-center max-w-4xl lg:max-w-5xl mx-auto leading-[1.08]","children":"Pourquoi rejoindre notre réseau plutôt que de vous lancer seul ?"}],["$","div",null,{"className":"mt-7 lg:mt-9 max-w-3xl lg:max-w-4xl mx-auto text-center flex flex-col gap-4 lg:gap-5","children":[["$","p",null,{"className":"font-sans text-base sm:text-lg lg:text-xl leading-relaxed","style":{"color":"var(--ink-2)"},"children":"Lancer votre entreprise de nettoyage au sein de notre réseau vous donne accès à un modèle éprouvé, conçu pour vous amener vos premiers clients dès le départ."}],["$","p",null,{"className":"font-sans text-base sm:text-lg lg:text-xl leading-relaxed","style":{"color":"var(--ink-2)"},"children":"Nous prenons en charge le marketing : site web, réseaux sociaux, présence en ligne et génération de contacts. Vous pouvez vous concentrer sur la qualité du service et la croissance de votre activité locale."}]]}],["$","div",null,{"className":"mt-12 lg:mt-16 grid md:grid-cols-2 gap-6 lg:gap-10","children":[["$","div",null,{"className":"flex flex-col gap-3","children":[["$","$L1e",null,{"id":"withus","title":"Chiffre d'affaires mensuel estimé","points":[{"label":"Lancement","value":0},{"label":"Après 1 mois","value":260},{"label":"Après 2 mois","value":540},{"label":"Après 3 mois","value":880},{"label":"Après 4 mois","value":1150},{"label":"Après 5 mois","value":1420},{"label":"Après 6 mois","value":1760},{"label":"Après 7 mois","value":2050},{"label":"Après 8 mois","value":2260},{"label":"Après 9 mois","value":2520},{"label":"Après 10 mois","value":2790},{"label":"Après 11 mois","value":2900},{"label":"Après 12 mois","value":3000},{"label":"Après 13 mois","value":3260},{"label":"Après 14 mois","value":3480},{"label":"Après 15 mois","value":3690},{"label":"Après 16 mois","value":3880},{"label":"Après 17 mois","value":4030},{"label":"Après 18 mois","value":4190},{"label":"Après 19 mois","value":4340},{"label":"Après 20 mois","value":4480},{"label":"Après 21 mois","value":4620},{"label":"Après 22 mois","value":4760},{"label":"Après 23 mois","value":4880},{"label":"Après 24 mois","value":5000}],"statLabel":"Après 24 mois","format":"currency","accent":"#00BF87","accentSoft":"rgba(0,191,135,0.45)","height":220,"yMin":0,"yMax":5000,"axisStart":"Lancement","axisEnd":"24 mois"}],["$","p",null,{"className":"font-sans text-sm lg:text-base font-bold uppercase tracking-[0.16em] text-center","style":{"color":"var(--cta-deco)"},"children":"Avec nous"}]]}],["$","div",null,{"className":"flex flex-col gap-3","children":[["$","$L1e",null,{"id":"withoutus","title":"Chiffre d'affaires mensuel estimé","points":[{"label":"Lancement","value":0},{"label":"Après 1 mois","value":140},{"label":"Après 2 mois","value":320},{"label":"Après 3 mois","value":240},{"label":"Après 4 mois","value":430},{"label":"Après 5 mois","value":600},{"label":"Après 6 mois","value":510},{"label":"Après 7 mois","value":690},{"label":"Après 8 mois","value":880},{"label":"Après 9 mois","value":780},{"label":"Après 10 mois","value":950},{"label":"Après 11 mois","value":1080},{"label":"Après 12 mois","value":980},{"label":"Après 13 mois","value":1160},{"label":"Après 14 mois","value":1040},{"label":"Après 15 mois","value":1250},{"label":"Après 16 mois","value":1130},{"label":"Après 17 mois","value":1330},{"label":"Après 18 mois","value":1220},{"label":"Après 19 mois","value":1420},{"label":"Après 20 mois","value":1310},{"label":"Après 21 mois","value":1500},{"label":"Après 22 mois","value":1620},{"label":"Après 23 mois","value":1540},{"label":"Après 24 mois","value":1750}],"statLabel":"Après 24 mois","format":"currency","accent":"#94A3B8","accentSoft":"rgba(148,163,184,0.45)","height":220,"yMin":0,"yMax":5000,"axisStart":"Lancement","axisEnd":"24 mois"}],["$","p",null,{"className":"font-sans text-sm lg:text-base font-bold uppercase tracking-[0.16em] text-center","style":{"color":"var(--ink-3)"},"children":"Seul"}]]}]]}]]}]}]
10:["$","section",null,{"className":"wwu-section cv-auto","style":{"background":"var(--surface-1)"},"children":["$","div",null,{"className":"w-full max-w-[1400px] mx-auto px-6 sm:px-10 md:px-16 lg:px-16 xl:px-20 py-12","children":[["$","h2",null,{"className":"font-sans font-extrabold text-3xl sm:text-4xl md:text-5xl lg:text-6xl text-[#0B2545] tracking-tight text-center leading-[1.08]","children":"Comment ça marche"}],["$","p",null,{"className":"mt-5 lg:mt-6 font-sans text-base sm:text-lg lg:text-xl text-center max-w-3xl mx-auto leading-relaxed","style":{"color":"var(--ink-2)"},"children":"Du premier contact à votre agence en activité, en quatre étapes."}],["$","div",null,{"className":"mt-12 lg:mt-16 grid sm:grid-cols-2 lg:grid-cols-4 gap-5 lg:gap-6","children":[["$","div","Vous nous écrivez",{"className":"card-solid p-7 lg:p-8 flex flex-col","children":[["$","span",null,{"className":"inline-flex w-11 h-11 items-center justify-center font-sans font-extrabold text-sm text-white mb-5","style":{"background":"var(--navy)"},"children":"01"}],["$","h3",null,{"className":"font-sans font-bold text-base lg:text-lg uppercase tracking-[0.06em] text-[#0B2545] leading-snug mb-3","children":"Vous nous écrivez"}],["$","p",null,{"className":"font-sans text-sm lg:text-base leading-relaxed","style":{"color":"var(--ink-2)"},"children":"Un message WhatsApp ou un email avec votre ville. Nous vous rappelons sous 24 heures pour un premier échange : qui vous êtes, où vous voulez démarrer, vos objectifs."}]]}],["$","div","Nous définissons le plan",{"className":"card-solid p-7 lg:p-8 flex flex-col","children":[["$","span",null,{"className":"inline-flex w-11 h-11 items-center justify-center font-sans font-extrabold text-sm text-white mb-5","style":{"background":"var(--navy)"},"children":"02"}],["$","h3",null,{"className":"font-sans font-bold text-base lg:text-lg uppercase tracking-[0.06em] text-[#0B2545] leading-snug mb-3","children":"Nous définissons le plan"}],["$","p",null,{"className":"font-sans text-sm lg:text-base leading-relaxed","style":{"color":"var(--ink-2)"},"children":"Nous analysons ensemble votre zone, fixons les services, les prix et le secteur d'intervention, puis signons l'accord de partenariat. Aucun coût caché."}]]}],["$","div","Nous préparons le lancement",{"className":"card-solid p-7 lg:p-8 flex flex-col","children":[["$","span",null,{"className":"inline-flex w-11 h-11 items-center justify-center font-sans font-extrabold text-sm text-white mb-5","style":{"background":"var(--navy)"},"children":"03"}],["$","h3",null,{"className":"font-sans font-bold text-base lg:text-lg uppercase tracking-[0.06em] text-[#0B2545] leading-snug mb-3","children":"Nous préparons le lancement"}],["$","p",null,{"className":"font-sans text-sm lg:text-base leading-relaxed","style":{"color":"var(--ink-2)"},"children":"Nous créons la page de votre ville sur le site, les profils sociaux, la fiche Google et les campagnes. Vous recevez la méthode, les checklists et la formation de l'équipe."}]]}],["$","div","Vous travaillez et grandissez",{"className":"card-solid p-7 lg:p-8 flex flex-col","children":[["$","span",null,{"className":"inline-flex w-11 h-11 items-center justify-center font-sans font-extrabold text-sm text-white mb-5","style":{"background":"var(--navy)"},"children":"04"}],["$","h3",null,{"className":"font-sans font-bold text-base lg:text-lg uppercase tracking-[0.06em] text-[#0B2545] leading-snug mb-3","children":"Vous travaillez et grandissez"}],["$","p",null,{"className":"font-sans text-sm lg:text-base leading-relaxed","style":{"color":"var(--ink-2)"},"children":"Les premiers clients arrivent grâce à notre marketing, vous vous occupez du nettoyage et de la qualité. Nous continuons à générer des contacts pendant que votre activité grandit."}]]}]]}],"$L1f"]}]}]
11:["$","section",null,{"className":"wwu-section bg-white cv-auto","children":["$","div",null,{"className":"w-full max-w-[1400px] mx-auto px-6 sm:px-10 md:px-16 lg:px-16 xl:px-20 py-12","children":[["$","h2",null,{"className":"font-sans font-extrabold text-3xl sm:text-4xl md:text-5xl lg:text-6xl text-[#0B2545] tracking-tight text-center leading-[1.08]","children":"Ce dont vous avez besoin pour démarrer"}],["$","p",null,{"className":"mt-5 lg:mt-6 font-sans text-base sm:text-lg lg:text-xl text-center max-w-3xl mx-auto leading-relaxed","style":{"color":"var(--ink-2)"},"children":"Moins que vous ne le pensez. On démarre petit et on grandit avec les clients."}],["$","div",null,{"className":"mt-12 lg:mt-16 grid md:grid-cols-3 gap-5 lg:gap-6","children":[["$","div","Une seule personne",{"className":"card-solid p-7 lg:p-8 flex flex-col","children":[["$","span",null,{"className":"inline-flex w-11 h-11 items-center justify-center mb-5","style":{"background":"var(--navy)"},"children":["$","svg",null,{"xmlns":"http://www.w3.org/2000/svg","width":24,"height":24,"viewBox":"0 0 24 24","fill":"none","stroke":"currentColor","strokeWidth":2,"strokeLinecap":"round","strokeLinejoin":"round","className":"lucide lucide-user w-5 h-5","style":{"color":"#93C5FD"},"aria-hidden":"true","children":[["$","path","975kel",{"d":"M19 21v-2a4 4 0 0 0-4-4H9a4 4 0 0 0-4 4v2"}],["$","circle","17ys0d",{"cx":"12","cy":"7","r":"4"}],"$undefined"]}]}],["$","h3",null,{"className":"font-sans font-bold text-base lg:text-lg uppercase tracking-[0.06em] text-[#0B2545] leading-snug mb-3","children":"Une seule personne"}],["$","p",null,{"className":"font-sans text-sm lg:text-base leading-relaxed mb-5","style":{"color":"var(--ink-2)"},"children":"Vous suffisez. Aucune équipe à monter avant de commencer : les premières interventions, vous les réalisez vous-même, avec notre méthode et nos checklists."}],["$","ul",null,{"className":"mt-auto flex flex-col gap-2","children":[["$","li","Aucun salarié au départ",{"className":"flex items-start gap-2.5 font-sans text-sm lg:text-base","style":{"color":"var(--ink)"},"children":[["$","svg",null,{"viewBox":"0 0 24 24","fill":"none","stroke":"#2563EB","strokeWidth":"2.4","strokeLinecap":"round","strokeLinejoin":"round","className":"w-4 h-4 mt-1 flex-shrink-0","aria-hidden":"true","children":["$","polyline",null,{"points":"20 6 9 17 4 12"}]}],["$","span",null,{"children":"Aucun salarié au départ"}]]}],["$","li","Aucun bureau",{"className":"flex items-start gap-2.5 font-sans text-sm lg:text-base","style":{"color":"var(--ink)"},"children":[["$","svg",null,{"viewBox":"0 0 24 24","fill":"none","stroke":"#2563EB","strokeWidth":"2.4","strokeLinecap":"round","strokeLinejoin":"round","className":"w-4 h-4 mt-1 flex-shrink-0","aria-hidden":"true","children":["$","polyline",null,{"points":"20 6 9 17 4 12"}]}],["$","span",null,{"children":"Aucun bureau"}]]}],["$","li","Votre temps et votre soin",{"className":"flex items-start gap-2.5 font-sans text-sm lg:text-base","style":{"color":"var(--ink)"},"children":[["$","svg",null,{"viewBox":"0 0 24 24","fill":"none","stroke":"#2563EB","strokeWidth":"2.4","strokeLinecap":"round","strokeLinejoin":"round","className":"w-4 h-4 mt-1 flex-shrink-0","aria-hidden":"true","children":["$","polyline",null,{"points":"20 6 9 17 4 12"}]}],["$","span",null,{"children":"Votre temps et votre soin"}]]}]]}]]}],["$","div","Le matériel de base",{"className":"card-solid p-7 lg:p-8 flex flex-col","children":[["$","span",null,{"className":"inline-flex w-11 h-11 items-center justify-center mb-5","style":{"background":"var(--navy)"},"children":["$","svg",null,{"xmlns":"http://www.w3.org/2000/svg","width":24,"height":24,"viewBox":"0 0 24 24","fill":"none","stroke":"currentColor","strokeWidth":2,"strokeLinecap":"round","strokeLinejoin":"round","className":"lucide lucide-house w-5 h-5","style":{"color":"#93C5FD"},"aria-hidden":"true","children":[["$","path","5wwlr5",{"d":"M15 21v-8a1 1 0 0 0-1-1h-4a1 1 0 0 0-1 1v8"}],["$","path","1d0kgt",{"d":"M3 10a2 2 0 0 1 .709-1.528l7-5.999a2 2 0 0 1 2.582 0l7 5.999A2 2 0 0 1 21 10v9a2 2 0 0 1-2 2H5a2 2 0 0 1-2-2z"}],"$undefined"]}]}],["$","h3",null,{"className":"font-sans font-bold text-base lg:text-lg uppercase tracking-[0.06em] text-[#0B2545] leading-snug mb-3","children":"Le matériel de base"}],"$L20","$L21"]}],"$L22"]}]]}]}]
23:T450,M17.472 14.382c-.297-.149-1.758-.867-2.03-.967-.273-.099-.471-.148-.67.15-.197.297-.767.966-.94 1.164-.173.199-.347.223-.644.075-.297-.15-1.255-.463-2.39-1.475-.883-.788-1.48-1.761-1.653-2.059-.173-.297-.018-.458.13-.606.134-.133.298-.347.446-.52.149-.174.198-.298.298-.497.099-.198.05-.371-.025-.52-.075-.149-.669-1.612-.916-2.207-.242-.579-.487-.5-.669-.51-.173-.008-.371-.01-.57-.01-.198 0-.52.074-.792.372-.272.297-1.04 1.016-1.04 2.479 0 1.462 1.065 2.875 1.213 3.074.149.198 2.096 3.2 5.077 4.487.709.306 1.262.489 1.694.625.712.227 1.36.195 1.871.118.571-.085 1.758-.719 2.006-1.413.248-.694.248-1.289.173-1.413-.074-.124-.272-.198-.57-.347m-5.421 7.403h-.004a9.87 9.87 0 01-5.031-1.378l-.361-.214-3.741.982.998-3.648-.235-.374a9.86 9.86 0 01-1.51-5.26c.001-5.45 4.436-9.884 9.888-9.884 2.64 0 5.122 1.03 6.988 2.898a9.825 9.825 0 012.893 6.994c-.003 5.45-4.437 9.884-9.885 9.884m8.413-18.297A11.815 11.815 0 0012.05 0C5.495 0 .16 5.335.157 11.892c0 2.096.547 4.142 1.588 5.945L.057 24l6.305-1.654a11.882 11.882 0 005.683 1.448h.005c6.554 0 11.89-5.335 11.893-11.893a11.821 11.821 0 00-3.48-8.413z12:["$","section",null,{"id":"contact","className":"wwu-section cv-auto","style":{"background":"var(--surface-1)"},"children":["$","div",null,{"className":"w-full max-w-[900px] mx-auto px-6 sm:px-10 md:px-16 py-12","children":[["$","h2",null,{"className":"font-sans font-extrabold text-3xl sm:text-4xl md:text-5xl lg:text-6xl text-[#0B2545] tracking-tight text-center leading-[1.08]","children":"Prêt à démarrer ?"}],["$","p",null,{"className":"mt-5 lg:mt-6 font-sans text-base sm:text-lg lg:text-xl text-center max-w-2xl mx-auto leading-relaxed","style":{"color":"var(--ink-2)"},"children":"Écrivez-nous tout de suite sur WhatsApp ou remplissez le formulaire : réponse sous 24 heures, sans engagement."}],["$","div",null,{"className":"mt-9 lg:mt-10 flex justify-center","children":["$","a",null,{"href":"https://wa.me/32492955348?text=Bonjour%2C%20je%20suis%20int%C3%A9ress%C3%A9%20par%20le%20Programme%20de%20Partenariat%20Lena's%20Cleaning%20Services%20pour%20ma%20ville.","target":"_blank","rel":"noopener noreferrer","className":"cta-pill","children":[["$","svg",null,{"viewBox":"0 0 24 24","fill":"currentColor","className":"w-5 h-5 flex-shrink-0","aria-hidden":"true","children":["$","path",null,{"d":"$23"}]}],"Écrivez-nous sur WhatsApp"]}]}],["$","div",null,{"className":"mt-9 lg:mt-10 flex items-center gap-4","children":[["$","span",null,{"className":"h-px flex-1","style":{"background":"var(--border)"}}],["$","span",null,{"className":"font-sans text-xs uppercase tracking-[0.2em]","style":{"color":"var(--ink-3)"},"children":"ou remplissez le formulaire"}],["$","span",null,{"className":"h-px flex-1","style":{"background":"var(--border)"}}]]}],["$","$L24",null,{"copy":{"formName":"Nom","formNamePh":"Votre nom","formPhone":"Téléphone","formPhonePh":"Ex. 0470 12 34 56","formCity":"Dans quelle ville voulez-vous démarrer","formCityPh":"Ex. Namur, Bruxelles, Lyon...","formMessage":"Message","formMessagePh":"Racontez-nous en deux lignes votre expérience et pourquoi cela vous intéresse","formSubmit":"Envoyer ma candidature sur WhatsApp","formOrEmail":"ou envoyer la candidature par email","errName":"Indiquez votre nom.","errPhone":"Indiquez un numéro de téléphone valide.","errCity":"Indiquez la ville qui vous intéresse.","errSummary":"Vérifiez les champs signalés et réessayez."}}]]}]}]
25:T450,M17.472 14.382c-.297-.149-1.758-.867-2.03-.967-.273-.099-.471-.148-.67.15-.197.297-.767.966-.94 1.164-.173.199-.347.223-.644.075-.297-.15-1.255-.463-2.39-1.475-.883-.788-1.48-1.761-1.653-2.059-.173-.297-.018-.458.13-.606.134-.133.298-.347.446-.52.149-.174.198-.298.298-.497.099-.198.05-.371-.025-.52-.075-.149-.669-1.612-.916-2.207-.242-.579-.487-.5-.669-.51-.173-.008-.371-.01-.57-.01-.198 0-.52.074-.792.372-.272.297-1.04 1.016-1.04 2.479 0 1.462 1.065 2.875 1.213 3.074.149.198 2.096 3.2 5.077 4.487.709.306 1.262.489 1.694.625.712.227 1.36.195 1.871.118.571-.085 1.758-.719 2.006-1.413.248-.694.248-1.289.173-1.413-.074-.124-.272-.198-.57-.347m-5.421 7.403h-.004a9.87 9.87 0 01-5.031-1.378l-.361-.214-3.741.982.998-3.648-.235-.374a9.86 9.86 0 01-1.51-5.26c.001-5.45 4.436-9.884 9.888-9.884 2.64 0 5.122 1.03 6.988 2.898a9.825 9.825 0 012.893 6.994c-.003 5.45-4.437 9.884-9.885 9.884m8.413-18.297A11.815 11.815 0 0012.05 0C5.495 0 .16 5.335.157 11.892c0 2.096.547 4.142 1.588 5.945L.057 24l6.305-1.654a11.882 11.882 0 005.683 1.448h.005c6.554 0 11.89-5.335 11.893-11.893a11.821 11.821 0 00-3.48-8.413z13:["$","footer",null,{"className":"relative w-full border-t border-white/10 cv-auto","style":{"background":"linear-gradient(180deg, #0B2545 0%, #071A32 100%)"},"children":[["$","div",null,{"className":"absolute top-0 left-0 right-0 h-[1px] bg-gradient-to-r from-transparent via-[#93C5FD] to-transparent opacity-40"}],["$","div",null,{"className":"w-full max-w-[1400px] mx-auto px-6 sm:px-10 md:px-16 lg:px-20 pt-12 sm:pt-14","children":[["$","div",null,{"className":"flex items-center gap-3 mb-6","children":[["$","div",null,{"className":"h-[1px] w-8 bg-gradient-to-r from-transparent to-[#93C5FD]"}],["$","p",null,{"className":"font-sans text-[10px] font-bold uppercase tracking-[0.3em] text-[#93C5FD]","children":"Nous contacter"}]]}],["$","div",null,{"className":"grid grid-cols-2 sm:grid-cols-3 lg:grid-cols-6 gap-3","children":[["$","a","Appeler",{"href":"tel:+32492955348","className":"group flex flex-col items-center gap-2.5 rounded-xl py-4 px-3 transition-all duration-200 hover:-translate-y-0.5","style":{"background":"rgba(147,197,253,0.08)","border":"1px solid rgba(147,197,253,0.24)"},"children":[["$","span",null,{"style":{"color":"#93C5FD"},"className":"transition-transform duration-200 group-hover:scale-110","children":["$","svg",null,{"viewBox":"0 0 24 24","fill":"none","stroke":"currentColor","strokeWidth":"1.8","strokeLinecap":"round","strokeLinejoin":"round","className":"w-6 h-6","children":["$","path",null,{"d":"M22 16.92v3a2 2 0 01-2.18 2 19.79 19.79 0 01-8.63-3.07A19.5 19.5 0 013.07 9.63 19.79 19.79 0 01.02 5.09 2 2 0 012 2.89h3a2 2 0 012 1.72c.127.96.361 1.903.7 2.81a2 2 0 01-.45 2.11L6.09 10.83a16 16 0 006.29 6.29l1.21-1.21a2 2 0 012.11-.45c.907.339 1.85.573 2.81.7A2 2 0 0122 16.92z"}]}]}],["$","div",null,{"className":"text-center","children":[["$","p",null,{"className":"font-sans font-semibold text-xs","style":{"color":"#93C5FD"},"children":"Appeler"}],["$","p",null,{"className":"font-sans text-[10px] text-white/55 mt-0.5 leading-tight","children":"0492 95 53 48"}]]}]]}],["$","a","WhatsApp",{"href":"https://wa.me/32492955348","target":"_blank","rel":"noopener noreferrer","className":"group flex flex-col items-center gap-2.5 rounded-xl py-4 px-3 transition-all duration-200 hover:-translate-y-0.5","style":{"background":"rgba(37,211,102,0.07)","border":"1px solid rgba(37,211,102,0.22)"},"children":[["$","span",null,{"style":{"color":"#25D366"},"className":"transition-transform duration-200 group-hover:scale-110","children":["$","svg",null,{"viewBox":"0 0 24 24","fill":"currentColor","className":"w-6 h-6","children":["$","path",null,{"d":"$25"}]}]}],["$","div",null,{"className":"text-center","children":["$L26","$L27"]}]]}],"$L28","$L29","$L2a","$L2b"]}]]}],"$L2c"]}]
14:["$","script","script-0",{"src":"/_next/static/chunks/f40389df158a1ae3.js","async":true}]
15:["$","script","script-1",{"src":"/_next/static/chunks/6540011889c6dc54.js","async":true}]
16:["$","$L2d",null,{"children":["$","$2e",null,{"name":"Next.MetadataOutlet","children":"$@2f"}]}]
1f:["$","div",null,{"className":"mt-10 lg:mt-12 flex justify-center","children":["$","a",null,{"href":"https://wa.me/32492955348?text=Bonjour%2C%20je%20suis%20int%C3%A9ress%C3%A9%20par%20le%20Programme%20de%20Partenariat%20Lena's%20Cleaning%20Services%20pour%20ma%20ville.","target":"_blank","rel":"noopener noreferrer","className":"gold-button","children":["$","span",null,{"className":"gold-button-inner font-sans uppercase tracking-[0.08em]","children":"Postuler maintenant"}]}]}]
20:["$","p",null,{"className":"font-sans text-sm lg:text-base leading-relaxed mb-5","style":{"color":"var(--ink-2)"},"children":"L'équipement essentiel d'un nettoyage professionnel, sans machines coûteuses."}]
21:["$","ul",null,{"className":"mt-auto flex flex-col gap-2","children":[["$","li","Aspirateur",{"className":"flex items-start gap-2.5 font-sans text-sm lg:text-base","style":{"color":"var(--ink)"},"children":[["$","svg",null,{"viewBox":"0 0 24 24","fill":"none","stroke":"#2563EB","strokeWidth":"2.4","strokeLinecap":"round","strokeLinejoin":"round","className":"w-4 h-4 mt-1 flex-shrink-0","aria-hidden":"true","children":["$","polyline",null,{"points":"20 6 9 17 4 12"}]}],["$","span",null,{"children":"Aspirateur"}]]}],["$","li","Serpillière, seau et chiffons microfibre",{"className":"flex items-start gap-2.5 font-sans text-sm lg:text-base","style":{"color":"var(--ink)"},"children":[["$","svg",null,{"viewBox":"0 0 24 24","fill":"none","stroke":"#2563EB","strokeWidth":"2.4","strokeLinecap":"round","strokeLinejoin":"round","className":"w-4 h-4 mt-1 flex-shrink-0","aria-hidden":"true","children":["$","polyline",null,{"points":"20 6 9 17 4 12"}]}],["$","span",null,{"children":"Serpillière, seau et chiffons microfibre"}]]}],["$","li","Produits écologiques",{"className":"flex items-start gap-2.5 font-sans text-sm lg:text-base","style":{"color":"var(--ink)"},"children":[["$","svg",null,{"viewBox":"0 0 24 24","fill":"none","stroke":"#2563EB","strokeWidth":"2.4","strokeLinecap":"round","strokeLinejoin":"round","className":"w-4 h-4 mt-1 flex-shrink-0","aria-hidden":"true","children":["$","polyline",null,{"points":"20 6 9 17 4 12"}]}],["$","span",null,{"children":"Produits écologiques"}]]}],["$","li","Un véhicule pour vous déplacer",{"className":"flex items-start gap-2.5 font-sans text-sm lg:text-base","style":{"color":"var(--ink)"},"children":[["$","svg",null,{"viewBox":"0 0 24 24","fill":"none","stroke":"#2563EB","strokeWidth":"2.4","strokeLinecap":"round","strokeLinejoin":"round","className":"w-4 h-4 mt-1 flex-shrink-0","aria-hidden":"true","children":["$","polyline",null,{"points":"20 6 9 17 4 12"}]}],["$","span",null,{"children":"Un véhicule pour vous déplacer"}]]}]]}]
22:["$","div","Vous embauchez en grandissant",{"className":"card-solid p-7 lg:p-8 flex flex-col","children":[["$","span",null,{"className":"inline-flex w-11 h-11 items-center justify-center mb-5","style":{"background":"var(--navy)"},"children":["$","svg",null,{"xmlns":"http://www.w3.org/2000/svg","width":24,"height":24,"viewBox":"0 0 24 24","fill":"none","stroke":"currentColor","strokeWidth":2,"strokeLinecap":"round","strokeLinejoin":"round","className":"lucide lucide-users w-5 h-5","style":{"color":"#93C5FD"},"aria-hidden":"true","children":[["$","path","1yyitq",{"d":"M16 21v-2a4 4 0 0 0-4-4H6a4 4 0 0 0-4 4v2"}],["$","circle","nufk8",{"cx":"9","cy":"7","r":"4"}],["$","path","kshegd",{"d":"M22 21v-2a4 4 0 0 0-3-3.87"}],["$","path","1da9ce",{"d":"M16 3.13a4 4 0 0 1 0 7.75"}],"$undefined"]}]}],["$","h3",null,{"className":"font-sans font-bold text-base lg:text-lg uppercase tracking-[0.06em] text-[#0B2545] leading-snug mb-3","children":"Vous embauchez en grandissant"}],["$","p",null,{"className":"font-sans text-sm lg:text-base leading-relaxed mb-5","style":{"color":"var(--ink-2)"},"children":"Quand l'agenda se remplit, vous prenez une première personne pour vous aider. Puis une deuxième. L'équipe grandit au rythme des clients, pas avant."}],["$","ul",null,{"className":"mt-auto flex flex-col gap-2","children":[["$","li","Première collaboratrice quand il le faut",{"className":"flex items-start gap-2.5 font-sans text-sm lg:text-base","style":{"color":"var(--ink)"},"children":[["$","svg",null,{"viewBox":"0 0 24 24","fill":"none","stroke":"#2563EB","strokeWidth":"2.4","strokeLinecap":"round","strokeLinejoin":"round","className":"w-4 h-4 mt-1 flex-shrink-0","aria-hidden":"true","children":["$","polyline",null,{"points":"20 6 9 17 4 12"}]}],["$","span",null,{"children":"Première collaboratrice quand il le faut"}]]}],["$","li","Formation avec notre méthode",{"className":"flex items-start gap-2.5 font-sans text-sm lg:text-base","style":{"color":"var(--ink)"},"children":[["$","svg",null,{"viewBox":"0 0 24 24","fill":"none","stroke":"#2563EB","strokeWidth":"2.4","strokeLinecap":"round","strokeLinejoin":"round","className":"w-4 h-4 mt-1 flex-shrink-0","aria-hidden":"true","children":["$","polyline",null,{"points":"20 6 9 17 4 12"}]}],["$","span",null,{"children":"Formation avec notre méthode"}]]}],["$","li","Équipe locale, assurée",{"className":"flex items-start gap-2.5 font-sans text-sm lg:text-base","style":{"color":"var(--ink)"},"children":[["$","svg",null,{"viewBox":"0 0 24 24","fill":"none","stroke":"#2563EB","strokeWidth":"2.4","strokeLinecap":"round","strokeLinejoin":"round","className":"w-4 h-4 mt-1 flex-shrink-0","aria-hidden":"true","children":["$","polyline",null,{"points":"20 6 9 17 4 12"}]}],["$","span",null,{"children":"Équipe locale, assurée"}]]}]]}]]}]
26:["$","p",null,{"className":"font-sans font-semibold text-xs","style":{"color":"#25D366"},"children":"WhatsApp"}]
27:["$","p",null,{"className":"font-sans text-[10px] text-white/55 mt-0.5 leading-tight","children":"Message rapide"}]
28:["$","a","Email",{"href":"mailto:cleaningserviceslena@gmail.com","className":"group flex flex-col items-center gap-2.5 rounded-xl py-4 px-3 transition-all duration-200 hover:-translate-y-0.5","style":{"background":"rgba(245,158,11,0.07)","border":"1px solid rgba(245,158,11,0.22)"},"children":[["$","span",null,{"style":{"color":"#F59E0B"},"className":"transition-transform duration-200 group-hover:scale-110","children":["$","svg",null,{"viewBox":"0 0 24 24","fill":"none","stroke":"currentColor","strokeWidth":"1.8","strokeLinecap":"round","strokeLinejoin":"round","className":"w-6 h-6","children":[["$","path",null,{"d":"M4 4h16c1.1 0 2 .9 2 2v12c0 1.1-.9 2-2 2H4c-1.1 0-2-.9-2-2V6c0-1.1.9-2 2-2z"}],["$","polyline",null,{"points":"22,6 12,13 2,6"}]]}]}],["$","div",null,{"className":"text-center","children":[["$","p",null,{"className":"font-sans font-semibold text-xs","style":{"color":"#F59E0B"},"children":"Email"}],["$","p",null,{"className":"font-sans text-[10px] text-white/55 mt-0.5 leading-tight","children":"Réponse sous 48h"}]]}]]}]
29:["$","a","SMS",{"href":"sms:+32492955348","className":"group flex flex-col items-center gap-2.5 rounded-xl py-4 px-3 transition-all duration-200 hover:-translate-y-0.5","style":{"background":"rgba(96,165,250,0.07)","border":"1px solid rgba(96,165,250,0.22)"},"children":[["$","span",null,{"style":{"color":"#60A5FA"},"className":"transition-transform duration-200 group-hover:scale-110","children":["$","svg",null,{"viewBox":"0 0 24 24","fill":"none","stroke":"currentColor","strokeWidth":"1.8","strokeLinecap":"round","strokeLinejoin":"round","className":"w-6 h-6","children":["$","path",null,{"d":"M21 15a2 2 0 01-2 2H7l-4 4V5a2 2 0 012-2h14a2 2 0 012 2z"}]}]}],["$","div",null,{"className":"text-center","children":[["$","p",null,{"className":"font-sans font-semibold text-xs","style":{"color":"#60A5FA"},"children":"SMS"}],["$","p",null,{"className":"font-sans text-[10px] text-white/55 mt-0.5 leading-tight","children":"Texto direct"}]]}]]}]
2a:["$","a","Instagram",{"href":"https://www.instagram.com/nettoyage.liege/","target":"_blank","rel":"noopener noreferrer","className":"group flex flex-col items-center gap-2.5 rounded-xl py-4 px-3 transition-all duration-200 hover:-translate-y-0.5","style":{"background":"rgba(225,48,108,0.07)","border":"1px solid rgba(225,48,108,0.22)"},"children":[["$","span",null,{"style":{"color":"#E1306C"},"className":"transition-transform duration-200 group-hover:scale-110","children":["$","svg",null,{"viewBox":"0 0 24 24","fill":"currentColor","className":"w-6 h-6","children":["$","path",null,{"d":"M12 2.163c3.204 0 3.584.012 4.85.07 3.252.148 4.771 1.691 4.919 4.919.058 1.265.069 1.645.069 4.849 0 3.205-.012 3.584-.069 4.849-.149 3.225-1.664 4.771-4.919 4.919-1.266.058-1.644.07-4.85.07-3.204 0-3.584-.012-4.849-.07-3.26-.149-4.771-1.699-4.919-4.92-.058-1.265-.07-1.644-.07-4.849 0-3.204.013-3.583.07-4.849.149-3.227 1.664-4.771 4.919-4.919 1.266-.057 1.645-.069 4.849-.069zM12 0C8.741 0 8.333.014 7.053.072 2.695.272.273 2.69.073 7.052.014 8.333 0 8.741 0 12c0 3.259.014 3.668.072 4.948.2 4.358 2.618 6.78 6.98 6.98C8.333 23.986 8.741 24 12 24c3.259 0 3.668-.014 4.948-.072 4.354-.2 6.782-2.618 6.979-6.98.059-1.28.073-1.689.073-4.948 0-3.259-.014-3.667-.072-4.947-.196-4.354-2.617-6.78-6.979-6.98C15.668.014 15.259 0 12 0zm0 5.838a6.162 6.162 0 100 12.324 6.162 6.162 0 000-12.324zM12 16a4 4 0 110-8 4 4 0 010 8zm6.406-11.845a1.44 1.44 0 100 2.881 1.44 1.44 0 000-2.881z"}]}]}],["$","div",null,{"className":"text-center","children":[["$","p",null,{"className":"font-sans font-semibold text-xs","style":{"color":"#E1306C"},"children":"Instagram"}],["$","p",null,{"className":"font-sans text-[10px] text-white/55 mt-0.5 leading-tight","children":"@nettoyage.liege"}]]}]]}]
2b:["$","a","TikTok",{"href":"https://www.tiktok.com/@nettoyage_liege","target":"_blank","rel":"noopener noreferrer","className":"group flex flex-col items-center gap-2.5 rounded-xl py-4 px-3 transition-all duration-200 hover:-translate-y-0.5","style":{"background":"rgba(105,201,208,0.07)","border":"1px solid rgba(105,201,208,0.22)"},"children":[["$","span",null,{"style":{"color":"#69C9D0"},"className":"transition-transform duration-200 group-hover:scale-110","children":["$","svg",null,{"viewBox":"0 0 24 24","fill":"currentColor","className":"w-6 h-6","children":["$","path",null,{"d":"M19.59 6.69a4.83 4.83 0 01-3.77-4.25V2h-3.45v13.67a2.89 2.89 0 01-2.88 2.5 2.89 2.89 0 01-2.89-2.89 2.89 2.89 0 012.89-2.89c.28 0 .54.04.79.1V9.01a6.27 6.27 0 00-.79-.05 6.34 6.34 0 00-6.34 6.34 6.34 6.34 0 006.34 6.34 6.34 6.34 0 006.33-6.34V8.94a8.16 8.16 0 004.77 1.52V7.01a4.85 4.85 0 01-1-.32z"}]}]}],["$","div",null,{"className":"text-center","children":[["$","p",null,{"className":"font-sans font-semibold text-xs","style":{"color":"#69C9D0"},"children":"TikTok"}],["$","p",null,{"className":"font-sans text-[10px] text-white/55 mt-0.5 leading-tight","children":"@nettoyage_liege"}]]}]]}]
2c:["$","div",null,{"className":"w-full max-w-[1400px] mx-auto px-6 sm:px-10 md:px-16 lg:px-20 pt-12 pb-8","children":[["$","div",null,{"className":"grid grid-cols-1 sm:grid-cols-3 gap-10 sm:gap-12 border-t border-white/10 pt-10","children":[["$","div",null,{"children":[["$","$L30",null,{"href":"/","className":"inline-block mb-5","children":["$","$L31",null,{"src":"/logos/logo-beauty-rise-bez-tla.png","alt":"Lena's Cleaning Services","width":200,"height":80,"className":"h-12 w-auto object-contain"}]}],["$","p",null,{"className":"font-serif italic text-base text-white/65 leading-relaxed mb-4","children":["Entreprise de nettoyage à Liège.",["$","br",null,{}],"Équipe locale, assurée, premium."]}],["$","address",null,{"className":"not-italic font-sans text-sm text-white/60 leading-relaxed flex flex-col gap-1","children":["$","span",null,{"className":"flex items-center gap-2","children":[["$","svg",null,{"xmlns":"http://www.w3.org/2000/svg","width":24,"height":24,"viewBox":"0 0 24 24","fill":"none","stroke":"currentColor","strokeWidth":2,"strokeLinecap":"round","strokeLinejoin":"round","className":"lucide lucide-map-pin w-3.5 h-3.5 flex-shrink-0 text-[#93C5FD]","children":[["$","path","1r0f0z",{"d":"M20 10c0 4.993-5.539 10.193-7.399 11.799a1 1 0 0 1-1.202 0C9.539 20.193 4 14.993 4 10a8 8 0 0 1 16 0"}],["$","circle","ilqhr7",{"cx":"12","cy":"10","r":"3"}],"$undefined"]}],"Liège & province, Belgique"]}]}],["$","$L30",null,{"href":"/travailler-avec-nous","prefetch":false,"className":"cta-ghost cta-ghost-on-navy mt-6 !py-2 !px-4 text-xs","children":"Travaillez avec nous"}]]}],["$","div",null,{"children":[["$","h3",null,{"className":"font-sans text-[10px] font-bold uppercase tracking-[0.3em] text-[#93C5FD] mb-5","children":"Services"}],["$","ul",null,{"className":"flex flex-col gap-3","children":[["$","li","/nettoyage-airbnb-liege",{"children":["$","$L30",null,{"href":"/nettoyage-airbnb-liege","prefetch":false,"className":"font-sans text-sm text-white/55 hover:text-white transition-colors","children":"Nettoyage Airbnb à Liège"}]}],["$","li","/nettoyage-maison-liege",{"children":["$","$L30",null,{"href":"/nettoyage-maison-liege","prefetch":false,"className":"font-sans text-sm text-white/55 hover:text-white transition-colors","children":"Nettoyage maison à Liège"}]}],["$","li","/femme-de-menage-liege",{"children":["$","$L30",null,{"href":"/femme-de-menage-liege","prefetch":false,"className":"font-sans text-sm text-white/55 hover:text-white transition-colors","children":"Femme de ménage à Liège"}]}],["$","li","/nettoyage-fours-liege",{"children":["$","$L30",null,{"href":"/nettoyage-fours-liege","prefetch":false,"className":"font-sans text-sm text-white/55 hover:text-white transition-colors","children":"Nettoyage de fours"}]}],["$","li","/nettoyage-bureaux-liege",{"children":["$","$L30",null,{"href":"/nettoyage-bureaux-liege","prefetch":false,"className":"font-sans text-sm text-white/55 hover:text-white transition-colors","children":"Nettoyage bureaux à Liège"}]}],["$","li","/nettoyage-immeubles-liege",{"children":["$","$L30",null,{"href":"/nettoyage-immeubles-liege","prefetch":false,"className":"font-sans text-sm text-white/55 hover:text-white transition-colors","children":"Nettoyage d'immeubles à Liège"}]}],["$","li","/nettoyage-demenagement-liege",{"children":["$","$L30",null,{"href":"/nettoyage-demenagement-liege","prefetch":false,"className":"font-sans text-sm text-white/55 hover:text-white transition-colors","children":"Fin de bail & déménagement à Liège"}]}],["$","li","/nettoyage-apres-travaux-liege",{"children":["$","$L30",null,{"href":"/nettoyage-apres-travaux-liege","prefetch":false,"className":"font-sans text-sm text-white/55 hover:text-white transition-colors","children":"Nettoyage après travaux à Liège"}]}],["$","li","/offre-nettoyage-liege",{"children":["$","$L30",null,{"href":"/offre-nettoyage-liege","prefetch":false,"className":"font-sans text-sm text-white/55 hover:text-white transition-colors","children":"Tarifs & abonnements"}]}],["$","li","/nettoyage-classique",{"children":["$","$L30",null,{"href":"/nettoyage-classique","prefetch":false,"className":"font-sans text-sm text-white/55 hover:text-white transition-colors","children":"Nettoyage classique"}]}],"$L32","$L33","$L34","$L35"]}]]}],"$L36"]}],"$L37"]}]
2f:null
32:["$","li","/entreprise-nettoyage-liege",{"children":["$","$L30",null,{"href":"/entreprise-nettoyage-liege","prefetch":false,"className":"font-sans text-sm text-white/55 hover:text-white transition-colors","children":"Entreprise de nettoyage à Liège"}]}]
33:["$","li","/societe-nettoyage-liege-avis-reddit",{"children":["$","$L30",null,{"href":"/societe-nettoyage-liege-avis-reddit","prefetch":false,"className":"font-sans text-sm text-white/55 hover:text-white transition-colors","children":"Avis et conseils nettoyage Liège"}]}]
34:["$","li","/realisations-nettoyage-liege",{"children":["$","$L30",null,{"href":"/realisations-nettoyage-liege","prefetch":false,"className":"font-sans text-sm text-white/55 hover:text-white transition-colors","children":"Nos réalisations à Liège"}]}]
35:["$","li","/conseils-nettoyage-liege",{"children":["$","$L30",null,{"href":"/conseils-nettoyage-liege","prefetch":false,"className":"font-sans text-sm text-white/55 hover:text-white transition-colors","children":"Conseils nettoyage à Liège"}]}]
36:["$","div",null,{"children":[["$","h3",null,{"className":"font-sans text-[10px] font-bold uppercase tracking-[0.3em] text-[#93C5FD] mb-5","children":"Zones d'intervention"}],["$","ul",null,{"className":"flex flex-col gap-3","children":[["$","li","Liège centre",{"className":"font-sans text-sm text-white/55 flex items-center gap-2","children":[["$","span",null,{"className":"w-1 h-1 rounded-full flex-shrink-0","style":{"background":"#93C5FD"}}],"Liège centre"]}],["$","li","Herstal",{"className":"font-sans text-sm text-white/55 flex items-center gap-2","children":[["$","span",null,{"className":"w-1 h-1 rounded-full flex-shrink-0","style":{"background":"#93C5FD"}}],["$","$L30",null,{"href":"/nettoyage-herstal","prefetch":false,"className":"font-sans text-sm text-white/55 hover:text-white transition-colors","children":"Herstal"}]]}],["$","li","Seraing",{"className":"font-sans text-sm text-white/55 flex items-center gap-2","children":[["$","span",null,{"className":"w-1 h-1 rounded-full flex-shrink-0","style":{"background":"#93C5FD"}}],["$","$L30",null,{"href":"/nettoyage-seraing","prefetch":false,"className":"font-sans text-sm text-white/55 hover:text-white transition-colors","children":"Seraing"}]]}],["$","li","Ans",{"className":"font-sans text-sm text-white/55 flex items-center gap-2","children":[["$","span",null,{"className":"w-1 h-1 rounded-full flex-shrink-0","style":{"background":"#93C5FD"}}],["$","$L30",null,{"href":"/nettoyage-ans","prefetch":false,"className":"font-sans text-sm text-white/55 hover:text-white transition-colors","children":"Ans"}]]}],["$","li","Flémalle",{"className":"font-sans text-sm text-white/55 flex items-center gap-2","children":[["$","span",null,{"className":"w-1 h-1 rounded-full flex-shrink-0","style":{"background":"#93C5FD"}}],["$","$L30",null,{"href":"/nettoyage-flemalle","prefetch":false,"className":"font-sans text-sm text-white/55 hover:text-white transition-colors","children":"Flémalle"}]]}],["$","li","Visé",{"className":"font-sans text-sm text-white/55 flex items-center gap-2","children":[["$","span",null,{"className":"w-1 h-1 rounded-full flex-shrink-0","style":{"background":"#93C5FD"}}],["$","$L30",null,{"href":"/nettoyage-vise","prefetch":false,"className":"font-sans text-sm text-white/55 hover:text-white transition-colors","children":"Visé"}]]}],["$","li","Province de Liège",{"className":"font-sans text-sm text-white/55 flex items-center gap-2","children":[["$","span",null,{"className":"w-1 h-1 rounded-full flex-shrink-0","style":{"background":"#93C5FD"}}],"Province de Liège"]}]]}]]}]
37:["$","div",null,{"className":"mt-10 pt-6 border-t border-white/10 flex flex-col md:flex-row items-center justify-between gap-4 text-center md:text-left","children":[["$","p",null,{"className":"font-sans text-xs text-white/55","children":"© 2026 Lena's Cleaning Services. Tous droits réservés."}],["$","p",null,{"className":"font-sans text-xs text-white/55","children":"Société de nettoyage à Liège, Belgique."}]]}]
